origin,destination,count
10.10.1.1,192.168.62.1,439
10.10.1.1,192.168.1.254,91
10.10.1.1,192.168.10.50,932
10.10.1.1,192.168.10.50,199
10.10.1.1,192.168.0.50,973
10.10.1.1,192.168.1.210,883
10.10.1.1,192.168.30.1,117
10.10.1.1,192.168.1.1,123
10.10.1.1,10.1.1.1,929
10.10.1.1,192.168.11.1,670
10.10.1.1,192.168.16.1,287
10.10.1.1,192.168.168.168,350
10.10.1.1,10.1.10.1,122
10.10.1.1,192.168.11.1,200
10.10.1.1,192.168.1.200,17
10.10.1.1,192.168.0.254,562
10.10.1.1,192.168.0.1,709
10.10.1.1,10.90.90.90,501
10.10.1.1,192.168.251.1,95
10.10.1.1,192.168.0.50,581
10.10.1.1,192.168.0.50,387
10.10.1.1,192.168.1.100,163
10.10.1.1,192.168.50.1,40
10.10.1.1,192.168.30.1,488
10.10.1.1,10.1.1.1,562
10.10.1.1,10.10.1.1,555
10.10.1.1,192.168.62.1,40
10.10.1.1,192.168.1.1,327
10.10.1.1,192.168.2.1,634
10.10.1.1,192.168.55.1,380
10.10.1.1,192.168.30.1,724
10.10.1.1,10.1.1.1,966
10.10.1.1,192.168.50.1,147
10.10.1.1,192.168.1.1,450
10.10.1.1,192.168.0.254,795
10.10.1.1,192.168.2.254,231
10.10.1.1,192.168.10.10,519
10.10.1.1,192.168.0.3,177
10.10.1.1,192.168.1.100,110
10.10.1.1,192.168.0.10,691
10.10.1.1,192.168.102.1,621
10.10.1.1,192.168.0.254,326
10.10.1.1,10.0.0.2,630
10.10.1.1,10.10.1.1,604
10.10.1.1,192.168.30.1,753
10.10.1.1,192.168.15.1,756
10.10.1.1,192.168.1.100,256
10.10.1.1,192.168.223.100,752
10.10.1.1,192.168.0.227,103
10.10.1.1,192.168.8.1,816
10.10.1.1,200.200.200.5,545
192.168.254.254,192.168.62.1,116
192.168.254.254,192.168.1.254,649
192.168.254.254,192.168.10.50,964
192.168.254.254,192.168.10.50,769
192.168.254.254,192.168.0.50,996
192.168.254.254,192.168.1.210,164
192.168.254.254,192.168.30.1,765
192.168.254.254,192.168.1.1,68
192.168.254.254,10.1.1.1,973
192.168.254.254,192.168.11.1,218
192.168.254.254,192.168.16.1,826
192.168.254.254,192.168.168.168,482
192.168.254.254,10.1.10.1,485
192.168.254.254,192.168.11.1,822
192.168.254.254,192.168.1.200,265
192.168.254.254,192.168.0.254,420
192.168.254.254,192.168.0.1,274
192.168.254.254,10.90.90.90,667
192.168.254.254,192.168.251.1,911
192.168.254.254,192.168.0.50,144
192.168.254.254,192.168.0.50,353
192.168.254.254,192.168.1.100,667
192.168.254.254,192.168.50.1,828
192.168.254.254,192.168.30.1,658
192.168.254.254,10.1.1.1,436
192.168.254.254,10.10.1.1,896
192.168.254.254,192.168.62.1,299
192.168.254.254,192.168.1.1,710
192.168.254.254,192.168.2.1,665
192.168.254.254,192.168.55.1,103
192.168.254.254,192.168.30.1,461
192.168.254.254,10.1.1.1,459
192.168.254.254,192.168.50.1,434
192.168.254.254,192.168.1.1,115
192.168.254.254,192.168.0.254,730
192.168.254.254,192.168.2.254,318
192.168.254.254,192.168.10.10,136
192.168.254.254,192.168.0.3,499
192.168.254.254,192.168.1.100,978
192.168.254.254,192.168.0.10,835
192.168.254.254,192.168.102.1,691
192.168.254.254,192.168.0.254,646
192.168.254.254,10.0.0.2,959
192.168.254.254,10.10.1.1,547
192.168.254.254,192.168.30.1,967
192.168.254.254,192.168.15.1,985
192.168.254.254,192.168.1.100,99
192.168.254.254,192.168.223.100,162
192.168.254.254,192.168.0.227,121
192.168.254.254,192.168.8.1,77
192.168.254.254,200.200.200.5,591
192.168.1.1,192.168.62.1,38
192.168.1.1,192.168.1.254,941
192.168.1.1,192.168.10.50,277
192.168.1.1,192.168.10.50,303
192.168.1.1,192.168.0.50,188
192.168.1.1,192.168.1.210,445
192.168.1.1,192.168.30.1,504
192.168.1.1,192.168.1.1,561
192.168.1.1,10.1.1.1,398
192.168.1.1,192.168.11.1,803
192.168.1.1,192.168.16.1,873
192.168.1.1,192.168.168.168,406
192.168.1.1,10.1.10.1,499
192.168.1.1,192.168.11.1,191
192.168.1.1,192.168.1.200,248
192.168.1.1,192.168.0.254,461
192.168.1.1,192.168.0.1,449
192.168.1.1,10.90.90.90,458
192.168.1.1,192.168.251.1,699
192.168.1.1,192.168.0.50,124
192.168.1.1,192.168.0.50,531
192.168.1.1,192.168.1.100,779
192.168.1.1,192.168.50.1,522
192.168.1.1,192.168.30.1,553
192.168.1.1,10.1.1.1,491
192.168.1.1,10.10.1.1,962
192.168.1.1,192.168.62.1,740
192.168.1.1,192.168.1.1,847
192.168.1.1,192.168.2.1,829
192.168.1.1,192.168.55.1,822
192.168.1.1,192.168.30.1,53
192.168.1.1,10.1.1.1,933
192.168.1.1,192.168.50.1,734
192.168.1.1,192.168.1.1,553
192.168.1.1,192.168.0.254,868
192.168.1.1,192.168.2.254,866
192.168.1.1,192.168.10.10,87
192.168.1.1,192.168.0.3,146
192.168.1.1,192.168.1.100,602
192.168.1.1,192.168.0.10,467
192.168.1.1,192.168.102.1,826
192.168.1.1,192.168.0.254,510
192.168.1.1,10.0.0.2,435
192.168.1.1,10.10.1.1,17
192.168.1.1,192.168.30.1,123
192.168.1.1,192.168.15.1,331
192.168.1.1,192.168.1.100,580
192.168.1.1,192.168.223.100,706
192.168.1.1,192.168.0.227,546
192.168.1.1,192.168.8.1,26
192.168.1.1,200.200.200.5,868
192.168.50.1,192.168.62.1,256
192.168.50.1,192.168.1.254,687
192.168.50.1,192.168.10.50,103
192.168.50.1,192.168.10.50,462
192.168.50.1,192.168.0.50,506
192.168.50.1,192.168.1.210,784
192.168.50.1,192.168.30.1,233
192.168.50.1,192.168.1.1,21
192.168.50.1,10.1.1.1,667
192.168.50.1,192.168.11.1,465
192.168.50.1,192.168.16.1,405
192.168.50.1,192.168.168.168,367
192.168.50.1,10.1.10.1,79
192.168.50.1,192.168.11.1,949
192.168.50.1,192.168.1.200,550
192.168.50.1,192.168.0.254,294
192.168.50.1,192.168.0.1,852
192.168.50.1,10.90.90.90,208
192.168.50.1,192.168.251.1,887
192.168.50.1,192.168.0.50,678
192.168.50.1,192.168.0.50,731
192.168.50.1,192.168.1.100,417
192.168.50.1,192.168.50.1,606
192.168.50.1,192.168.30.1,854
192.168.50.1,10.1.1.1,232
192.168.50.1,10.10.1.1,746
192.168.50.1,192.168.62.1,151
192.168.50.1,192.168.1.1,340
192.168.50.1,192.168.2.1,961
192.168.50.1,192.168.55.1,594
192.168.50.1,192.168.30.1,735
192.168.50.1,10.1.1.1,723
192.168.50.1,192.168.50.1,263
192.168.50.1,192.168.1.1,89
192.168.50.1,192.168.0.254,899
192.168.50.1,192.168.2.254,786
192.168.50.1,192.168.10.10,442
192.168.50.1,192.168.0.3,252
192.168.50.1,192.168.1.100,383
192.168.50.1,192.168.0.10,256
192.168.50.1,192.168.102.1,925
192.168.50.1,192.168.0.254,517
192.168.50.1,10.0.0.2,502
192.168.50.1,10.10.1.1,94
192.168.50.1,192.168.30.1,812
192.168.50.1,192.168.15.1,452
192.168.50.1,192.168.1.100,544
192.168.50.1,192.168.223.100,857
192.168.50.1,192.168.0.227,809
192.168.50.1,192.168.8.1,184
192.168.50.1,200.200.200.5,114
192.168.62.1,192.168.62.1,301
192.168.62.1,192.168.1.254,813
192.168.62.1,192.168.10.50,283
192.168.62.1,192.168.10.50,759
192.168.62.1,192.168.0.50,379
192.168.62.1,192.168.1.210,766
192.168.62.1,192.168.30.1,737
192.168.62.1,192.168.1.1,551
192.168.62.1,10.1.1.1,462
192.168.62.1,192.168.11.1,122
192.168.62.1,192.168.16.1,156
192.168.62.1,192.168.168.168,188
192.168.62.1,10.1.10.1,67
192.168.62.1,192.168.11.1,109
192.168.62.1,192.168.1.200,490
192.168.62.1,192.168.0.254,377
192.168.62.1,192.168.0.1,827
192.168.62.1,10.90.90.90,731
192.168.62.1,192.168.251.1,709
192.168.62.1,192.168.0.50,880
192.168.62.1,192.168.0.50,24
192.168.62.1,192.168.1.100,81
192.168.62.1,192.168.50.1,35
192.168.62.1,192.168.30.1,409
192.168.62.1,10.1.1.1,520
192.168.62.1,10.10.1.1,922
192.168.62.1,192.168.62.1,702
192.168.62.1,192.168.1.1,390
192.168.62.1,192.168.2.1,263
192.168.62.1,192.168.55.1,902
192.168.62.1,192.168.30.1,568
192.168.62.1,10.1.1.1,236
192.168.62.1,192.168.50.1,341
192.168.62.1,192.168.1.1,611
192.168.62.1,192.168.0.254,976
192.168.62.1,192.168.2.254,14
192.168.62.1,192.168.10.10,417
192.168.62.1,192.168.0.3,385
192.168.62.1,192.168.1.100,640
192.168.62.1,192.168.0.10,935
192.168.62.1,192.168.102.1,525
192.168.62.1,192.168.0.254,239
192.168.62.1,10.0.0.2,590
192.168.62.1,10.10.1.1,735
192.168.62.1,192.168.30.1,910
192.168.62.1,192.168.15.1,475
192.168.62.1,192.168.1.100,804
192.168.62.1,192.168.223.100,446
192.168.62.1,192.168.0.227,73
192.168.62.1,192.168.8.1,553
192.168.62.1,200.200.200.5,925
192.168.254.254,192.168.62.1,82
192.168.254.254,192.168.1.254,519
192.168.254.254,192.168.10.50,725
192.168.254.254,192.168.10.50,678
192.168.254.254,192.168.0.50,416
192.168.254.254,192.168.1.210,523
192.168.254.254,192.168.30.1,798
192.168.254.254,192.168.1.1,576
192.168.254.254,10.1.1.1,235
192.168.254.254,192.168.11.1,366
192.168.254.254,192.168.16.1,848
192.168.254.254,192.168.168.168,561
192.168.254.254,10.1.10.1,327
192.168.254.254,192.168.11.1,713
192.168.254.254,192.168.1.200,599
192.168.254.254,192.168.0.254,454
192.168.254.254,192.168.0.1,327
192.168.254.254,10.90.90.90,64
192.168.254.254,192.168.251.1,642
192.168.254.254,192.168.0.50,378
192.168.254.254,192.168.0.50,76
192.168.254.254,192.168.1.100,543
192.168.254.254,192.168.50.1,189
192.168.254.254,192.168.30.1,319
192.168.254.254,10.1.1.1,476
192.168.254.254,10.10.1.1,851
192.168.254.254,192.168.62.1,803
192.168.254.254,192.168.1.1,136
192.168.254.254,192.168.2.1,834
192.168.254.254,192.168.55.1,83
192.168.254.254,192.168.30.1,847
192.168.254.254,10.1.1.1,561
192.168.254.254,192.168.50.1,375
192.168.254.254,192.168.1.1,365
192.168.254.254,192.168.0.254,411
192.168.254.254,192.168.2.254,630
192.168.254.254,192.168.10.10,461
192.168.254.254,192.168.0.3,203
192.168.254.254,192.168.1.100,535
192.168.254.254,192.168.0.10,553
192.168.254.254,192.168.102.1,353
192.168.254.254,192.168.0.254,530
192.168.254.254,10.0.0.2,422
192.168.254.254,10.10.1.1,706
192.168.254.254,192.168.30.1,823
192.168.254.254,192.168.15.1,377
192.168.254.254,192.168.1.100,996
192.168.254.254,192.168.223.100,437
192.168.254.254,192.168.0.227,931
192.168.254.254,192.168.8.1,266
192.168.254.254,200.200.200.5,982
192.168.10.100,192.168.62.1,145
192.168.10.100,192.168.1.254,651
192.168.10.100,192.168.10.50,901
192.168.10.100,192.168.10.50,957
192.168.10.100,192.168.0.50,672
192.168.10.100,192.168.1.210,506
192.168.10.100,192.168.30.1,958
192.168.10.100,192.168.1.1,928
192.168.10.100,10.1.1.1,641
192.168.10.100,192.168.11.1,476
192.168.10.100,192.168.16.1,113
192.168.10.100,192.168.168.168,664
192.168.10.100,10.1.10.1,762
192.168.10.100,192.168.11.1,452
192.168.10.100,192.168.1.200,682
192.168.10.100,192.168.0.254,921
192.168.10.100,192.168.0.1,407
192.168.10.100,10.90.90.90,497
192.168.10.100,192.168.251.1,921
192.168.10.100,192.168.0.50,471
192.168.10.100,192.168.0.50,51
192.168.10.100,192.168.1.100,334
192.168.10.100,192.168.50.1,841
192.168.10.100,192.168.30.1,39
192.168.10.100,10.1.1.1,421
192.168.10.100,10.10.1.1,707
192.168.10.100,192.168.62.1,811
192.168.10.100,192.168.1.1,434
192.168.10.100,192.168.2.1,430
192.168.10.100,192.168.55.1,691
192.168.10.100,192.168.30.1,280
192.168.10.100,10.1.1.1,703
192.168.10.100,192.168.50.1,114
192.168.10.100,192.168.1.1,330
192.168.10.100,192.168.0.254,995
192.168.10.100,192.168.2.254,628
192.168.10.100,192.168.10.10,531
192.168.10.100,192.168.0.3,595
192.168.10.100,192.168.1.100,905
192.168.10.100,192.168.0.10,992
192.168.10.100,192.168.102.1,200
192.168.10.100,192.168.0.254,977
192.168.10.100,10.0.0.2,588
192.168.10.100,10.10.1.1,642
192.168.10.100,192.168.30.1,268
192.168.10.100,192.168.15.1,140
192.168.10.100,192.168.1.100,253
192.168.10.100,192.168.223.100,733
192.168.10.100,192.168.0.227,654
192.168.10.100,192.168.8.1,991
192.168.10.100,200.200.200.5,808
192.168.0.227,192.168.62.1,702
192.168.0.227,192.168.1.254,876
192.168.0.227,192.168.10.50,739
192.168.0.227,192.168.10.50,714
192.168.0.227,192.168.0.50,746
192.168.0.227,192.168.1.210,703
192.168.0.227,192.168.30.1,973
192.168.0.227,192.168.1.1,751
192.168.0.227,10.1.1.1,233
192.168.0.227,192.168.11.1,950
192.168.0.227,192.168.16.1,613
192.168.0.227,192.168.168.168,224
192.168.0.227,10.1.10.1,260
192.168.0.227,192.168.11.1,425
192.168.0.227,192.168.1.200,686
192.168.0.227,192.168.0.254,816
192.168.0.227,192.168.0.1,390
192.168.0.227,10.90.90.90,627
192.168.0.227,192.168.251.1,740
192.168.0.227,192.168.0.50,713
192.168.0.227,192.168.0.50,606
192.168.0.227,192.168.1.100,163
192.168.0.227,192.168.50.1,914
192.168.0.227,192.168.30.1,917
192.168.0.227,10.1.1.1,635
192.168.0.227,10.10.1.1,169
192.168.0.227,192.168.62.1,732
192.168.0.227,192.168.1.1,64
192.168.0.227,192.168.2.1,502
192.168.0.227,192.168.55.1,234
192.168.0.227,192.168.30.1,266
192.168.0.227,10.1.1.1,809
192.168.0.227,192.168.50.1,828
192.168.0.227,192.168.1.1,444
192.168.0.227,192.168.0.254,67
192.168.0.227,192.168.2.254,726
192.168.0.227,192.168.10.10,184
192.168.0.227,192.168.0.3,732
192.168.0.227,192.168.1.100,190
192.168.0.227,192.168.0.10,276
192.168.0.227,192.168.102.1,473
192.168.0.227,192.168.0.254,374
192.168.0.227,10.0.0.2,10
192.168.0.227,10.10.1.1,939
192.168.0.227,192.168.30.1,822
192.168.0.227,192.168.15.1,19
192.168.0.227,192.168.1.100,165
192.168.0.227,192.168.223.100,937
192.168.0.227,192.168.0.227,361
192.168.0.227,192.168.8.1,744
192.168.0.227,200.200.200.5,56
192.168.1.10,192.168.62.1,209
192.168.1.10,192.168.1.254,614
192.168.1.10,192.168.10.50,597
192.168.1.10,192.168.10.50,430
192.168.1.10,192.168.0.50,680
192.168.1.10,192.168.1.210,114
192.168.1.10,192.168.30.1,807
192.168.1.10,192.168.1.1,1000
192.168.1.10,10.1.1.1,758
192.168.1.10,192.168.11.1,564
192.168.1.10,192.168.16.1,712
192.168.1.10,192.168.168.168,227
192.168.1.10,10.1.10.1,316
192.168.1.10,192.168.11.1,473
192.168.1.10,192.168.1.200,745
192.168.1.10,192.168.0.254,421
192.168.1.10,192.168.0.1,270
192.168.1.10,10.90.90.90,979
192.168.1.10,192.168.251.1,40
192.168.1.10,192.168.0.50,732
192.168.1.10,192.168.0.50,312
192.168.1.10,192.168.1.100,463
192.168.1.10,192.168.50.1,969
192.168.1.10,192.168.30.1,871
192.168.1.10,10.1.1.1,884
192.168.1.10,10.10.1.1,397
192.168.1.10,192.168.62.1,71
192.168.1.10,192.168.1.1,637
192.168.1.10,192.168.2.1,396
192.168.1.10,192.168.55.1,804
192.168.1.10,192.168.30.1,30
192.168.1.10,10.1.1.1,603
192.168.1.10,192.168.50.1,449
192.168.1.10,192.168.1.1,599
192.168.1.10,192.168.0.254,537
192.168.1.10,192.168.2.254,713
192.168.1.10,192.168.10.10,875
192.168.1.10,192.168.0.3,875
192.168.1.10,192.168.1.100,504
192.168.1.10,192.168.0.10,215
192.168.1.10,192.168.102.1,821
192.168.1.10,192.168.0.254,193
192.168.1.10,10.0.0.2,261
192.168.1.10,10.10.1.1,420
192.168.1.10,192.168.30.1,930
192.168.1.10,192.168.15.1,606
192.168.1.10,192.168.1.100,694
192.168.1.10,192.168.223.100,481
192.168.1.10,192.168.0.227,71
192.168.1.10,192.168.8.1,576
192.168.1.10,200.200.200.5,713
192.168.0.254,192.168.62.1,869
192.168.0.254,192.168.1.254,557
192.168.0.254,192.168.10.50,249
192.168.0.254,192.168.10.50,19
192.168.0.254,192.168.0.50,268
192.168.0.254,192.168.1.210,386
192.168.0.254,192.168.30.1,964
192.168.0.254,192.168.1.1,730
192.168.0.254,10.1.1.1,598
192.168.0.254,192.168.11.1,853
192.168.0.254,192.168.16.1,179
192.168.0.254,192.168.168.168,221
192.168.0.254,10.1.10.1,338
192.168.0.254,192.168.11.1,30
192.168.0.254,192.168.1.200,318
192.168.0.254,192.168.0.254,330
192.168.0.254,192.168.0.1,46
192.168.0.254,10.90.90.90,367
192.168.0.254,192.168.251.1,763
192.168.0.254,192.168.0.50,224
192.168.0.254,192.168.0.50,354
192.168.0.254,192.168.1.100,504
192.168.0.254,192.168.50.1,948
192.168.0.254,192.168.30.1,44
192.168.0.254,10.1.1.1,279
192.168.0.254,10.10.1.1,121
192.168.0.254,192.168.62.1,778
192.168.0.254,192.168.1.1,125
192.168.0.254,192.168.2.1,849
192.168.0.254,192.168.55.1,795
192.168.0.254,192.168.30.1,24
192.168.0.254,10.1.1.1,596
192.168.0.254,192.168.50.1,160
192.168.0.254,192.168.1.1,303
192.168.0.254,192.168.0.254,957
192.168.0.254,192.168.2.254,855
192.168.0.254,192.168.10.10,984
192.168.0.254,192.168.0.3,237
192.168.0.254,192.168.1.100,991
192.168.0.254,192.168.0.10,213
192.168.0.254,192.168.102.1,849
192.168.0.254,192.168.0.254,717
192.168.0.254,10.0.0.2,978
192.168.0.254,10.10.1.1,333
192.168.0.254,192.168.30.1,885
192.168.0.254,192.168.15.1,378
192.168.0.254,192.168.1.100,187
192.168.0.254,192.168.223.100,680
192.168.0.254,192.168.0.227,533
192.168.0.254,192.168.8.1,39
192.168.0.254,200.200.200.5,432
10.0.0.2,192.168.62.1,723
10.0.0.2,192.168.1.254,745
10.0.0.2,192.168.10.50,527
10.0.0.2,192.168.10.50,809
10.0.0.2,192.168.0.50,420
10.0.0.2,192.168.1.210,555
10.0.0.2,192.168.30.1,871
10.0.0.2,192.168.1.1,812
10.0.0.2,10.1.1.1,564
10.0.0.2,192.168.11.1,871
10.0.0.2,192.168.16.1,150
10.0.0.2,192.168.168.168,313
10.0.0.2,10.1.10.1,749
10.0.0.2,192.168.11.1,933
10.0.0.2,192.168.1.200,657
10.0.0.2,192.168.0.254,550
10.0.0.2,192.168.0.1,810
10.0.0.2,10.90.90.90,176
10.0.0.2,192.168.251.1,156
10.0.0.2,192.168.0.50,427
10.0.0.2,192.168.0.50,630
10.0.0.2,192.168.1.100,532
10.0.0.2,192.168.50.1,487
10.0.0.2,192.168.30.1,238
10.0.0.2,10.1.1.1,796
10.0.0.2,10.10.1.1,371
10.0.0.2,192.168.62.1,825
10.0.0.2,192.168.1.1,884
10.0.0.2,192.168.2.1,861
10.0.0.2,192.168.55.1,806
10.0.0.2,192.168.30.1,423
10.0.0.2,10.1.1.1,513
10.0.0.2,192.168.50.1,787
10.0.0.2,192.168.1.1,735
10.0.0.2,192.168.0.254,502
10.0.0.2,192.168.2.254,672
10.0.0.2,192.168.10.10,364
10.0.0.2,192.168.0.3,535
10.0.0.2,192.168.1.100,705
10.0.0.2,192.168.0.10,849
10.0.0.2,192.168.102.1,689
10.0.0.2,192.168.0.254,448
10.0.0.2,10.0.0.2,35
10.0.0.2,10.10.1.1,180
10.0.0.2,192.168.30.1,567
10.0.0.2,192.168.15.1,480
10.0.0.2,192.168.1.100,490
10.0.0.2,192.168.223.100,137
10.0.0.2,192.168.0.227,754
10.0.0.2,192.168.8.1,313
10.0.0.2,200.200.200.5,719
192.168.0.50,192.168.62.1,833
192.168.0.50,192.168.1.254,230
192.168.0.50,192.168.10.50,127
192.168.0.50,192.168.10.50,213
192.168.0.50,192.168.0.50,864
192.168.0.50,192.168.1.210,350
192.168.0.50,192.168.30.1,561
192.168.0.50,192.168.1.1,672
192.168.0.50,10.1.1.1,829
192.168.0.50,192.168.11.1,484
192.168.0.50,192.168.16.1,972
192.168.0.50,192.168.168.168,496
192.168.0.50,10.1.10.1,226
192.168.0.50,192.168.11.1,194
192.168.0.50,192.168.1.200,352
192.168.0.50,192.168.0.254,120
192.168.0.50,192.168.0.1,174
192.168.0.50,10.90.90.90,422
192.168.0.50,192.168.251.1,969
192.168.0.50,192.168.0.50,539
192.168.0.50,192.168.0.50,503
192.168.0.50,192.168.1.100,506
192.168.0.50,192.168.50.1,40
192.168.0.50,192.168.30.1,30
192.168.0.50,10.1.1.1,636
192.168.0.50,10.10.1.1,507
192.168.0.50,192.168.62.1,725
192.168.0.50,192.168.1.1,993
192.168.0.50,192.168.2.1,468
192.168.0.50,192.168.55.1,457
192.168.0.50,192.168.30.1,676
192.168.0.50,10.1.1.1,844
192.168.0.50,192.168.50.1,867
192.168.0.50,192.168.1.1,99
192.168.0.50,192.168.0.254,785
192.168.0.50,192.168.2.254,817
192.168.0.50,192.168.10.10,106
192.168.0.50,192.168.0.3,609
192.168.0.50,192.168.1.100,173
192.168.0.50,192.168.0.10,650
192.168.0.50,192.168.102.1,757
192.168.0.50,192.168.0.254,261
192.168.0.50,10.0.0.2,969
192.168.0.50,10.10.1.1,688
192.168.0.50,192.168.30.1,709
192.168.0.50,192.168.15.1,733
192.168.0.50,192.168.1.100,892
192.168.0.50,192.168.223.100,985
192.168.0.50,192.168.0.227,469
192.168.0.50,192.168.8.1,26
192.168.0.50,200.200.200.5,602
192.168.168.168,192.168.62.1,793
192.168.168.168,192.168.1.254,584
192.168.168.168,192.168.10.50,638
192.168.168.168,192.168.10.50,640
192.168.168.168,192.168.0.50,364
192.168.168.168,192.168.1.210,877
192.168.168.168,192.168.30.1,280
192.168.168.168,192.168.1.1,533
192.168.168.168,10.1.1.1,261
192.168.168.168,192.168.11.1,565
192.168.168.168,192.168.16.1,350
192.168.168.168,192.168.168.168,536
192.168.168.168,10.1.10.1,264
192.168.168.168,192.168.11.1,631
192.168.168.168,192.168.1.200,731
192.168.168.168,192.168.0.254,508
192.168.168.168,192.168.0.1,403
192.168.168.168,10.90.90.90,672
192.168.168.168,192.168.251.1,298
192.168.168.168,192.168.0.50,829
192.168.168.168,192.168.0.50,566
192.168.168.168,192.168.1.100,145
192.168.168.168,192.168.50.1,52
192.168.168.168,192.168.30.1,214
192.168.168.168,10.1.1.1,418
192.168.168.168,10.10.1.1,765
192.168.168.168,192.168.62.1,421
192.168.168.168,192.168.1.1,423
192.168.168.168,192.168.2.1,865
192.168.168.168,192.168.55.1,378
192.168.168.168,192.168.30.1,934
192.168.168.168,10.1.1.1,37
192.168.168.168,192.168.50.1,141
192.168.168.168,192.168.1.1,829
192.168.168.168,192.168.0.254,966
192.168.168.168,192.168.2.254,644
192.168.168.168,192.168.10.10,736
192.168.168.168,192.168.0.3,257
192.168.168.168,192.168.1.100,885
192.168.168.168,192.168.0.10,494
192.168.168.168,192.168.102.1,182
192.168.168.168,192.168.0.254,976
192.168.168.168,10.0.0.2,674
192.168.168.168,10.10.1.1,756
192.168.168.168,192.168.30.1,479
192.168.168.168,192.168.15.1,340
192.168.168.168,192.168.1.100,677
192.168.168.168,192.168.223.100,877
192.168.168.168,192.168.0.227,137
192.168.168.168,192.168.8.1,414
192.168.168.168,200.200.200.5,360
192.168.3.1,192.168.62.1,741
192.168.3.1,192.168.1.254,971
192.168.3.1,192.168.10.50,524
192.168.3.1,192.168.10.50,232
192.168.3.1,192.168.0.50,849
192.168.3.1,192.168.1.210,671
192.168.3.1,192.168.30.1,76
192.168.3.1,192.168.1.1,677
192.168.3.1,10.1.1.1,189
192.168.3.1,192.168.11.1,285
192.168.3.1,192.168.16.1,457
192.168.3.1,192.168.168.168,117
192.168.3.1,10.1.10.1,307
192.168.3.1,192.168.11.1,627
192.168.3.1,192.168.1.200,876
192.168.3.1,192.168.0.254,531
192.168.3.1,192.168.0.1,995
192.168.3.1,10.90.90.90,717
192.168.3.1,192.168.251.1,856
192.168.3.1,192.168.0.50,838
192.168.3.1,192.168.0.50,236
192.168.3.1,192.168.1.100,447
192.168.3.1,192.168.50.1,961
192.168.3.1,192.168.30.1,840
192.168.3.1,10.1.1.1,670
192.168.3.1,10.10.1.1,725
192.168.3.1,192.168.62.1,483
192.168.3.1,192.168.1.1,78
192.168.3.1,192.168.2.1,784
192.168.3.1,192.168.55.1,889
192.168.3.1,192.168.30.1,696
192.168.3.1,10.1.1.1,168
192.168.3.1,192.168.50.1,12
192.168.3.1,192.168.1.1,356
192.168.3.1,192.168.0.254,204
192.168.3.1,192.168.2.254,662
192.168.3.1,192.168.10.10,936
192.168.3.1,192.168.0.3,937
192.168.3.1,192.168.1.100,149
192.168.3.1,192.168.0.10,99
192.168.3.1,192.168.102.1,452
192.168.3.1,192.168.0.254,543
192.168.3.1,10.0.0.2,841
192.168.3.1,10.10.1.1,785
192.168.3.1,192.168.30.1,871
192.168.3.1,192.168.15.1,807
192.168.3.1,192.168.1.100,678
192.168.3.1,192.168.223.100,330
192.168.3.1,192.168.0.227,630
192.168.3.1,192.168.8.1,370
192.168.3.1,200.200.200.5,36
192.168.8.1,192.168.62.1,738
192.168.8.1,192.168.1.254,933
192.168.8.1,192.168.10.50,524
192.168.8.1,192.168.10.50,285
192.168.8.1,192.168.0.50,112
192.168.8.1,192.168.1.210,616
192.168.8.1,192.168.30.1,592
192.168.8.1,192.168.1.1,756
192.168.8.1,10.1.1.1,360
192.168.8.1,192.168.11.1,700
192.168.8.1,192.168.16.1,551
192.168.8.1,192.168.168.168,225
192.168.8.1,10.1.10.1,137
192.168.8.1,192.168.11.1,299
192.168.8.1,192.168.1.200,206
192.168.8.1,192.168.0.254,654
192.168.8.1,192.168.0.1,253
192.168.8.1,10.90.90.90,466
192.168.8.1,192.168.251.1,468
192.168.8.1,192.168.0.50,670
192.168.8.1,192.168.0.50,46
192.168.8.1,192.168.1.100,536
192.168.8.1,192.168.50.1,502
192.168.8.1,192.168.30.1,407
192.168.8.1,10.1.1.1,929
192.168.8.1,10.10.1.1,43
192.168.8.1,192.168.62.1,989
192.168.8.1,192.168.1.1,731
192.168.8.1,192.168.2.1,134
192.168.8.1,192.168.55.1,260
192.168.8.1,192.168.30.1,797
192.168.8.1,10.1.1.1,810
192.168.8.1,192.168.50.1,543
192.168.8.1,192.168.1.1,451
192.168.8.1,192.168.0.254,687
192.168.8.1,192.168.2.254,115
192.168.8.1,192.168.10.10,26
192.168.8.1,192.168.0.3,272
192.168.8.1,192.168.1.100,896
192.168.8.1,192.168.0.10,839
192.168.8.1,192.168.102.1,333
192.168.8.1,192.168.0.254,298
192.168.8.1,10.0.0.2,679
192.168.8.1,10.10.1.1,68
192.168.8.1,192.168.30.1,808
192.168.8.1,192.168.15.1,471
192.168.8.1,192.168.1.100,801
192.168.8.1,192.168.223.100,199
192.168.8.1,192.168.0.227,26
192.168.8.1,192.168.8.1,531
192.168.8.1,200.200.200.5,960
192.168.0.30,192.168.62.1,185
192.168.0.30,192.168.1.254,547
192.168.0.30,192.168.10.50,498
192.168.0.30,192.168.10.50,374
192.168.0.30,192.168.0.50,189
192.168.0.30,192.168.1.210,203
192.168.0.30,192.168.30.1,185
192.168.0.30,192.168.1.1,983
192.168.0.30,10.1.1.1,138
192.168.0.30,192.168.11.1,573
192.168.0.30,192.168.16.1,170
192.168.0.30,192.168.168.168,589
192.168.0.30,10.1.10.1,835
192.168.0.30,192.168.11.1,123
192.168.0.30,192.168.1.200,325
192.168.0.30,192.168.0.254,960
192.168.0.30,192.168.0.1,191
192.168.0.30,10.90.90.90,679
192.168.0.30,192.168.251.1,684
192.168.0.30,192.168.0.50,369
192.168.0.30,192.168.0.50,104
192.168.0.30,192.168.1.100,371
192.168.0.30,192.168.50.1,862
192.168.0.30,192.168.30.1,989
192.168.0.30,10.1.1.1,401
192.168.0.30,10.10.1.1,575
192.168.0.30,192.168.62.1,491
192.168.0.30,192.168.1.1,760
192.168.0.30,192.168.2.1,484
192.168.0.30,192.168.55.1,955
192.168.0.30,192.168.30.1,767
192.168.0.30,10.1.1.1,874
192.168.0.30,192.168.50.1,547
192.168.0.30,192.168.1.1,676
192.168.0.30,192.168.0.254,65
192.168.0.30,192.168.2.254,928
192.168.0.30,192.168.10.10,37
192.168.0.30,192.168.0.3,852
192.168.0.30,192.168.1.100,243
192.168.0.30,192.168.0.10,37
192.168.0.30,192.168.102.1,905
192.168.0.30,192.168.0.254,910
192.168.0.30,10.0.0.2,879
192.168.0.30,10.10.1.1,539
192.168.0.30,192.168.30.1,294
192.168.0.30,192.168.15.1,299
192.168.0.30,192.168.1.100,268
192.168.0.30,192.168.223.100,895
192.168.0.30,192.168.0.227,659
192.168.0.30,192.168.8.1,862
192.168.0.30,200.200.200.5,787
192.168.55.1,192.168.62.1,685
192.168.55.1,192.168.1.254,208
192.168.55.1,192.168.10.50,178
192.168.55.1,192.168.10.50,955
192.168.55.1,192.168.0.50,596
192.168.55.1,192.168.1.210,812
192.168.55.1,192.168.30.1,283
192.168.55.1,192.168.1.1,721
192.168.55.1,10.1.1.1,651
192.168.55.1,192.168.11.1,433
192.168.55.1,192.168.16.1,62
192.168.55.1,192.168.168.168,389
192.168.55.1,10.1.10.1,546
192.168.55.1,192.168.11.1,965
192.168.55.1,192.168.1.200,66
192.168.55.1,192.168.0.254,497
192.168.55.1,192.168.0.1,374
192.168.55.1,10.90.90.90,174
192.168.55.1,192.168.251.1,775
192.168.55.1,192.168.0.50,158
192.168.55.1,192.168.0.50,917
192.168.55.1,192.168.1.100,966
192.168.55.1,192.168.50.1,497
192.168.55.1,192.168.30.1,935
192.168.55.1,10.1.1.1,30
192.168.55.1,10.10.1.1,481
192.168.55.1,192.168.62.1,954
192.168.55.1,192.168.1.1,710
192.168.55.1,192.168.2.1,542
192.168.55.1,192.168.55.1,235
192.168.55.1,192.168.30.1,416
192.168.55.1,10.1.1.1,571
192.168.55.1,192.168.50.1,613
192.168.55.1,192.168.1.1,353
192.168.55.1,192.168.0.254,717
192.168.55.1,192.168.2.254,129
192.168.55.1,192.168.10.10,584
192.168.55.1,192.168.0.3,651
192.168.55.1,192.168.1.100,662
192.168.55.1,192.168.0.10,772
192.168.55.1,192.168.102.1,38
192.168.55.1,192.168.0.254,243
192.168.55.1,10.0.0.2,330
192.168.55.1,10.10.1.1,291
192.168.55.1,192.168.30.1,897
192.168.55.1,192.168.15.1,92
192.168.55.1,192.168.1.100,802
192.168.55.1,192.168.223.100,788
192.168.55.1,192.168.0.227,621
192.168.55.1,192.168.8.1,293
192.168.55.1,200.200.200.5,91
10.0.0.1,192.168.62.1,26
10.0.0.1,192.168.1.254,416
10.0.0.1,192.168.10.50,206
10.0.0.1,192.168.10.50,393
10.0.0.1,192.168.0.50,918
10.0.0.1,192.168.1.210,527
10.0.0.1,192.168.30.1,435
10.0.0.1,192.168.1.1,699
10.0.0.1,10.1.1.1,99
10.0.0.1,192.168.11.1,536
10.0.0.1,192.168.16.1,188
10.0.0.1,192.168.168.168,793
10.0.0.1,10.1.10.1,672
10.0.0.1,192.168.11.1,239
10.0.0.1,192.168.1.200,179
10.0.0.1,192.168.0.254,324
10.0.0.1,192.168.0.1,99
10.0.0.1,10.90.90.90,667
10.0.0.1,192.168.251.1,923
10.0.0.1,192.168.0.50,15
10.0.0.1,192.168.0.50,666
10.0.0.1,192.168.1.100,739
10.0.0.1,192.168.50.1,170
10.0.0.1,192.168.30.1,864
10.0.0.1,10.1.1.1,406
10.0.0.1,10.10.1.1,50
10.0.0.1,192.168.62.1,205
10.0.0.1,192.168.1.1,462
10.0.0.1,192.168.2.1,277
10.0.0.1,192.168.55.1,592
10.0.0.1,192.168.30.1,583
10.0.0.1,10.1.1.1,737
10.0.0.1,192.168.50.1,731
10.0.0.1,192.168.1.1,995
10.0.0.1,192.168.0.254,660
10.0.0.1,192.168.2.254,26
10.0.0.1,192.168.10.10,173
10.0.0.1,192.168.0.3,717
10.0.0.1,192.168.1.100,410
10.0.0.1,192.168.0.10,445
10.0.0.1,192.168.102.1,612
10.0.0.1,192.168.0.254,387
10.0.0.1,10.0.0.2,486
10.0.0.1,10.10.1.1,116
10.0.0.1,192.168.30.1,141
10.0.0.1,192.168.15.1,996
10.0.0.1,192.168.1.100,741
10.0.0.1,192.168.223.100,730
10.0.0.1,192.168.0.227,420
10.0.0.1,192.168.8.1,846
10.0.0.1,200.200.200.5,745
10.0.0.2,192.168.62.1,465
10.0.0.2,192.168.1.254,585
10.0.0.2,192.168.10.50,990
10.0.0.2,192.168.10.50,988
10.0.0.2,192.168.0.50,457
10.0.0.2,192.168.1.210,956
10.0.0.2,192.168.30.1,668
10.0.0.2,192.168.1.1,88
10.0.0.2,10.1.1.1,955
10.0.0.2,192.168.11.1,625
10.0.0.2,192.168.16.1,629
10.0.0.2,192.168.168.168,512
10.0.0.2,10.1.10.1,256
10.0.0.2,192.168.11.1,525
10.0.0.2,192.168.1.200,696
10.0.0.2,192.168.0.254,571
10.0.0.2,192.168.0.1,893
10.0.0.2,10.90.90.90,967
10.0.0.2,192.168.251.1,45
10.0.0.2,192.168.0.50,960
10.0.0.2,192.168.0.50,131
10.0.0.2,192.168.1.100,850
10.0.0.2,192.168.50.1,301
10.0.0.2,192.168.30.1,541
10.0.0.2,10.1.1.1,646
10.0.0.2,10.10.1.1,201
10.0.0.2,192.168.62.1,508
10.0.0.2,192.168.1.1,685
10.0.0.2,192.168.2.1,588
10.0.0.2,192.168.55.1,840
10.0.0.2,192.168.30.1,783
10.0.0.2,10.1.1.1,763
10.0.0.2,192.168.50.1,600
10.0.0.2,192.168.1.1,213
10.0.0.2,192.168.0.254,24
10.0.0.2,192.168.2.254,774
10.0.0.2,192.168.10.10,317
10.0.0.2,192.168.0.3,194
10.0.0.2,192.168.1.100,298
10.0.0.2,192.168.0.10,931
10.0.0.2,192.168.102.1,620
10.0.0.2,192.168.0.254,206
10.0.0.2,10.0.0.2,197
10.0.0.2,10.10.1.1,509
10.0.0.2,192.168.30.1,207
10.0.0.2,192.168.15.1,542
10.0.0.2,192.168.1.100,444
10.0.0.2,192.168.223.100,902
10.0.0.2,192.168.0.227,133
10.0.0.2,192.168.8.1,923
10.0.0.2,200.200.200.5,135
200.200.200.5,192.168.62.1,424
200.200.200.5,192.168.1.254,32
200.200.200.5,192.168.10.50,214
200.200.200.5,192.168.10.50,802
200.200.200.5,192.168.0.50,471
200.200.200.5,192.168.1.210,986
200.200.200.5,192.168.30.1,168
200.200.200.5,192.168.1.1,590
200.200.200.5,10.1.1.1,602
200.200.200.5,192.168.11.1,178
200.200.200.5,192.168.16.1,870
200.200.200.5,192.168.168.168,585
200.200.200.5,10.1.10.1,519
200.200.200.5,192.168.11.1,641
200.200.200.5,192.168.1.200,774
200.200.200.5,192.168.0.254,487
200.200.200.5,192.168.0.1,883
200.200.200.5,10.90.90.90,694
200.200.200.5,192.168.251.1,696
200.200.200.5,192.168.0.50,977
200.200.200.5,192.168.0.50,441
200.200.200.5,192.168.1.100,742
200.200.200.5,192.168.50.1,170
200.200.200.5,192.168.30.1,993
200.200.200.5,10.1.1.1,89
200.200.200.5,10.10.1.1,316
200.200.200.5,192.168.62.1,424
200.200.200.5,192.168.1.1,708
200.200.200.5,192.168.2.1,776
200.200.200.5,192.168.55.1,236
200.200.200.5,192.168.30.1,248
200.200.200.5,10.1.1.1,471
200.200.200.5,192.168.50.1,631
200.200.200.5,192.168.1.1,516
200.200.200.5,192.168.0.254,426
200.200.200.5,192.168.2.254,381
200.200.200.5,192.168.10.10,81
200.200.200.5,192.168.0.3,415
200.200.200.5,192.168.1.100,434
200.200.200.5,192.168.0.10,670
200.200.200.5,192.168.102.1,838
200.200.200.5,192.168.0.254,203
200.200.200.5,10.0.0.2,37
200.200.200.5,10.10.1.1,98
200.200.200.5,192.168.30.1,726
200.200.200.5,192.168.15.1,599
200.200.200.5,192.168.1.100,815
200.200.200.5,192.168.223.100,131
200.200.200.5,192.168.0.227,848
200.200.200.5,192.168.8.1,41
200.200.200.5,200.200.200.5,304
192.168.3.1,192.168.62.1,233
192.168.3.1,192.168.1.254,728
192.168.3.1,192.168.10.50,381
192.168.3.1,192.168.10.50,731
192.168.3.1,192.168.0.50,177
192.168.3.1,192.168.1.210,959
192.168.3.1,192.168.30.1,19
192.168.3.1,192.168.1.1,915
192.168.3.1,10.1.1.1,588
192.168.3.1,192.168.11.1,119
192.168.3.1,192.168.16.1,745
192.168.3.1,192.168.168.168,648
192.168.3.1,10.1.10.1,618
192.168.3.1,192.168.11.1,281
192.168.3.1,192.168.1.200,991
192.168.3.1,192.168.0.254,846
192.168.3.1,192.168.0.1,507
192.168.3.1,10.90.90.90,851
192.168.3.1,192.168.251.1,74
192.168.3.1,192.168.0.50,841
192.168.3.1,192.168.0.50,338
192.168.3.1,192.168.1.100,518
192.168.3.1,192.168.50.1,797
192.168.3.1,192.168.30.1,759
192.168.3.1,10.1.1.1,49
192.168.3.1,10.10.1.1,66
192.168.3.1,192.168.62.1,496
192.168.3.1,192.168.1.1,881
192.168.3.1,192.168.2.1,428
192.168.3.1,192.168.55.1,571
192.168.3.1,192.168.30.1,240
192.168.3.1,10.1.1.1,564
192.168.3.1,192.168.50.1,468
192.168.3.1,192.168.1.1,569
192.168.3.1,192.168.0.254,149
192.168.3.1,192.168.2.254,499
192.168.3.1,192.168.10.10,754
192.168.3.1,192.168.0.3,967
192.168.3.1,192.168.1.100,993
192.168.3.1,192.168.0.10,270
192.168.3.1,192.168.102.1,487
192.168.3.1,192.168.0.254,306
192.168.3.1,10.0.0.2,537
192.168.3.1,10.10.1.1,529
192.168.3.1,192.168.30.1,823
192.168.3.1,192.168.15.1,348
192.168.3.1,192.168.1.100,303
192.168.3.1,192.168.223.100,401
192.168.3.1,192.168.0.227,13
192.168.3.1,192.168.8.1,765
192.168.3.1,200.200.200.5,688
192.168.2.1,192.168.62.1,132
192.168.2.1,192.168.1.254,362
192.168.2.1,192.168.10.50,960
192.168.2.1,192.168.10.50,410
192.168.2.1,192.168.0.50,790
192.168.2.1,192.168.1.210,712
192.168.2.1,192.168.30.1,396
192.168.2.1,192.168.1.1,675
192.168.2.1,10.1.1.1,358
192.168.2.1,192.168.11.1,770
192.168.2.1,192.168.16.1,475
192.168.2.1,192.168.168.168,728
192.168.2.1,10.1.10.1,424
192.168.2.1,192.168.11.1,695
192.168.2.1,192.168.1.200,405
192.168.2.1,192.168.0.254,413
192.168.2.1,192.168.0.1,103
192.168.2.1,10.90.90.90,636
192.168.2.1,192.168.251.1,625
192.168.2.1,192.168.0.50,592
192.168.2.1,192.168.0.50,144
192.168.2.1,192.168.1.100,400
192.168.2.1,192.168.50.1,722
192.168.2.1,192.168.30.1,944
192.168.2.1,10.1.1.1,850
192.168.2.1,10.10.1.1,125
192.168.2.1,192.168.62.1,783
192.168.2.1,192.168.1.1,72
192.168.2.1,192.168.2.1,82
192.168.2.1,192.168.55.1,160
192.168.2.1,192.168.30.1,195
192.168.2.1,10.1.1.1,411
192.168.2.1,192.168.50.1,651
192.168.2.1,192.168.1.1,600
192.168.2.1,192.168.0.254,285
192.168.2.1,192.168.2.254,44
192.168.2.1,192.168.10.10,429
192.168.2.1,192.168.0.3,429
192.168.2.1,192.168.1.100,481
192.168.2.1,192.168.0.10,240
192.168.2.1,192.168.102.1,595
192.168.2.1,192.168.0.254,166
192.168.2.1,10.0.0.2,953
192.168.2.1,10.10.1.1,597
192.168.2.1,192.168.30.1,13
192.168.2.1,192.168.15.1,753
192.168.2.1,192.168.1.100,940
192.168.2.1,192.168.223.100,997
192.168.2.1,192.168.0.227,514
192.168.2.1,192.168.8.1,548
192.168.2.1,200.200.200.5,331
192.168.11.1,192.168.62.1,845
192.168.11.1,192.168.1.254,678
192.168.11.1,192.168.10.50,42
192.168.11.1,192.168.10.50,780
192.168.11.1,192.168.0.50,269
192.168.11.1,192.168.1.210,402
192.168.11.1,192.168.30.1,358
192.168.11.1,192.168.1.1,494
192.168.11.1,10.1.1.1,556
192.168.11.1,192.168.11.1,375
192.168.11.1,192.168.16.1,163
192.168.11.1,192.168.168.168,413
192.168.11.1,10.1.10.1,794
192.168.11.1,192.168.11.1,140
192.168.11.1,192.168.1.200,771
192.168.11.1,192.168.0.254,363
192.168.11.1,192.168.0.1,671
192.168.11.1,10.90.90.90,687
192.168.11.1,192.168.251.1,836
192.168.11.1,192.168.0.50,633
192.168.11.1,192.168.0.50,39
192.168.11.1,192.168.1.100,159
192.168.11.1,192.168.50.1,884
192.168.11.1,192.168.30.1,706
192.168.11.1,10.1.1.1,136
192.168.11.1,10.10.1.1,948
192.168.11.1,192.168.62.1,870
192.168.11.1,192.168.1.1,756
192.168.11.1,192.168.2.1,368
192.168.11.1,192.168.55.1,703
192.168.11.1,192.168.30.1,337
192.168.11.1,10.1.1.1,362
192.168.11.1,192.168.50.1,157
192.168.11.1,192.168.1.1,898
192.168.11.1,192.168.0.254,684
192.168.11.1,192.168.2.254,105
192.168.11.1,192.168.10.10,252
192.168.11.1,192.168.0.3,723
192.168.11.1,192.168.1.100,225
192.168.11.1,192.168.0.10,503
192.168.11.1,192.168.102.1,282
192.168.11.1,192.168.0.254,670
192.168.11.1,10.0.0.2,955
192.168.11.1,10.10.1.1,315
192.168.11.1,192.168.30.1,679
192.168.11.1,192.168.15.1,215
192.168.11.1,192.168.1.100,332
192.168.11.1,192.168.223.100,784
192.168.11.1,192.168.0.227,798
192.168.11.1,192.168.8.1,754
192.168.11.1,200.200.200.5,365
192.168.62.1,192.168.62.1,444
192.168.62.1,192.168.1.254,457
192.168.62.1,192.168.10.50,324
192.168.62.1,192.168.10.50,579
192.168.62.1,192.168.0.50,420
192.168.62.1,192.168.1.210,243
192.168.62.1,192.168.30.1,227
192.168.62.1,192.168.1.1,854
192.168.62.1,10.1.1.1,334
192.168.62.1,192.168.11.1,63
192.168.62.1,192.168.16.1,961
192.168.62.1,192.168.168.168,160
192.168.62.1,10.1.10.1,514
192.168.62.1,192.168.11.1,144
192.168.62.1,192.168.1.200,305
192.168.62.1,192.168.0.254,56
192.168.62.1,192.168.0.1,956
192.168.62.1,10.90.90.90,687
192.168.62.1,192.168.251.1,650
192.168.62.1,192.168.0.50,243
192.168.62.1,192.168.0.50,453
192.168.62.1,192.168.1.100,146
192.168.62.1,192.168.50.1,540
192.168.62.1,192.168.30.1,895
192.168.62.1,10.1.1.1,58
192.168.62.1,10.10.1.1,215
192.168.62.1,192.168.62.1,988
192.168.62.1,192.168.1.1,712
192.168.62.1,192.168.2.1,394
192.168.62.1,192.168.55.1,32
192.168.62.1,192.168.30.1,713
192.168.62.1,10.1.1.1,567
192.168.62.1,192.168.50.1,465
192.168.62.1,192.168.1.1,565
192.168.62.1,192.168.0.254,651
192.168.62.1,192.168.2.254,925
192.168.62.1,192.168.10.10,206
192.168.62.1,192.168.0.3,597
192.168.62.1,192.168.1.100,252
192.168.62.1,192.168.0.10,908
192.168.62.1,192.168.102.1,677
192.168.62.1,192.168.0.254,686
192.168.62.1,10.0.0.2,913
192.168.62.1,10.10.1.1,504
192.168.62.1,192.168.30.1,676
192.168.62.1,192.168.15.1,796
192.168.62.1,192.168.1.100,634
192.168.62.1,192.168.223.100,189
192.168.62.1,192.168.0.227,291
192.168.62.1,192.168.8.1,64
192.168.62.1,200.200.200.5,276
192.168.10.1,192.168.62.1,114
192.168.10.1,192.168.1.254,90
192.168.10.1,192.168.10.50,960
192.168.10.1,192.168.10.50,142
192.168.10.1,192.168.0.50,653
192.168.10.1,192.168.1.210,658
192.168.10.1,192.168.30.1,362
192.168.10.1,192.168.1.1,139
192.168.10.1,10.1.1.1,430
192.168.10.1,192.168.11.1,33
192.168.10.1,192.168.16.1,12
192.168.10.1,192.168.168.168,309
192.168.10.1,10.1.10.1,764
192.168.10.1,192.168.11.1,355
192.168.10.1,192.168.1.200,135
192.168.10.1,192.168.0.254,402
192.168.10.1,192.168.0.1,790
192.168.10.1,10.90.90.90,380
192.168.10.1,192.168.251.1,812
192.168.10.1,192.168.0.50,544
192.168.10.1,192.168.0.50,785
192.168.10.1,192.168.1.100,819
192.168.10.1,192.168.50.1,162
192.168.10.1,192.168.30.1,336
192.168.10.1,10.1.1.1,833
192.168.10.1,10.10.1.1,727
192.168.10.1,192.168.62.1,262
192.168.10.1,192.168.1.1,976
192.168.10.1,192.168.2.1,19
192.168.10.1,192.168.55.1,614
192.168.10.1,192.168.30.1,894
192.168.10.1,10.1.1.1,661
192.168.10.1,192.168.50.1,496
192.168.10.1,192.168.1.1,713
192.168.10.1,192.168.0.254,903
192.168.10.1,192.168.2.254,287
192.168.10.1,192.168.10.10,966
192.168.10.1,192.168.0.3,467
192.168.10.1,192.168.1.100,34
192.168.10.1,192.168.0.10,294
192.168.10.1,192.168.102.1,692
192.168.10.1,192.168.0.254,878
192.168.10.1,10.0.0.2,133
192.168.10.1,10.10.1.1,591
192.168.10.1,192.168.30.1,710
192.168.10.1,192.168.15.1,342
192.168.10.1,192.168.1.100,466
192.168.10.1,192.168.223.100,306
192.168.10.1,192.168.0.227,73
192.168.10.1,192.168.8.1,184
192.168.10.1,200.200.200.5,279
192.168.3.1,192.168.62.1,355
192.168.3.1,192.168.1.254,533
192.168.3.1,192.168.10.50,836
192.168.3.1,192.168.10.50,333
192.168.3.1,192.168.0.50,766
192.168.3.1,192.168.1.210,121
192.168.3.1,192.168.30.1,601
192.168.3.1,192.168.1.1,547
192.168.3.1,10.1.1.1,684
192.168.3.1,192.168.11.1,297
192.168.3.1,192.168.16.1,139
192.168.3.1,192.168.168.168,295
192.168.3.1,10.1.10.1,26
192.168.3.1,192.168.11.1,310
192.168.3.1,192.168.1.200,978
192.168.3.1,192.168.0.254,979
192.168.3.1,192.168.0.1,700
192.168.3.1,10.90.90.90,587
192.168.3.1,192.168.251.1,345
192.168.3.1,192.168.0.50,868
192.168.3.1,192.168.0.50,721
192.168.3.1,192.168.1.100,840
192.168.3.1,192.168.50.1,472
192.168.3.1,192.168.30.1,578
192.168.3.1,10.1.1.1,743
192.168.3.1,10.10.1.1,307
192.168.3.1,192.168.62.1,736
192.168.3.1,192.168.1.1,251
192.168.3.1,192.168.2.1,867
192.168.3.1,192.168.55.1,408
192.168.3.1,192.168.30.1,989
192.168.3.1,10.1.1.1,618
192.168.3.1,192.168.50.1,345
192.168.3.1,192.168.1.1,846
192.168.3.1,192.168.0.254,493
192.168.3.1,192.168.2.254,366
192.168.3.1,192.168.10.10,110
192.168.3.1,192.168.0.3,740
192.168.3.1,192.168.1.100,582
192.168.3.1,192.168.0.10,808
192.168.3.1,192.168.102.1,640
192.168.3.1,192.168.0.254,580
192.168.3.1,10.0.0.2,964
192.168.3.1,10.10.1.1,529
192.168.3.1,192.168.30.1,931
192.168.3.1,192.168.15.1,428
192.168.3.1,192.168.1.100,481
192.168.3.1,192.168.223.100,318
192.168.3.1,192.168.0.227,74
192.168.3.1,192.168.8.1,280
192.168.3.1,200.200.200.5,578
192.168.62.1,192.168.62.1,904
192.168.62.1,192.168.1.254,783
192.168.62.1,192.168.10.50,538
192.168.62.1,192.168.10.50,143
192.168.62.1,192.168.0.50,209
192.168.62.1,192.168.1.210,715
192.168.62.1,192.168.30.1,419
192.168.62.1,192.168.1.1,468
192.168.62.1,10.1.1.1,26
192.168.62.1,192.168.11.1,377
192.168.62.1,192.168.16.1,450
192.168.62.1,192.168.168.168,370
192.168.62.1,10.1.10.1,959
192.168.62.1,192.168.11.1,137
192.168.62.1,192.168.1.200,403
192.168.62.1,192.168.0.254,697
192.168.62.1,192.168.0.1,667
192.168.62.1,10.90.90.90,855
192.168.62.1,192.168.251.1,583
192.168.62.1,192.168.0.50,35
192.168.62.1,192.168.0.50,446
192.168.62.1,192.168.1.100,803
192.168.62.1,192.168.50.1,530
192.168.62.1,192.168.30.1,204
192.168.62.1,10.1.1.1,555
192.168.62.1,10.10.1.1,854
192.168.62.1,192.168.62.1,157
192.168.62.1,192.168.1.1,223
192.168.62.1,192.168.2.1,311
192.168.62.1,192.168.55.1,993
192.168.62.1,192.168.30.1,370
192.168.62.1,10.1.1.1,69
192.168.62.1,192.168.50.1,724
192.168.62.1,192.168.1.1,286
192.168.62.1,192.168.0.254,339
192.168.62.1,192.168.2.254,992
192.168.62.1,192.168.10.10,618
192.168.62.1,192.168.0.3,988
192.168.62.1,192.168.1.100,869
192.168.62.1,192.168.0.10,421
192.168.62.1,192.168.102.1,877
192.168.62.1,192.168.0.254,395
192.168.62.1,10.0.0.2,668
192.168.62.1,10.10.1.1,829
192.168.62.1,192.168.30.1,482
192.168.62.1,192.168.15.1,60
192.168.62.1,192.168.1.100,814
192.168.62.1,192.168.223.100,138
192.168.62.1,192.168.0.227,315
192.168.62.1,192.168.8.1,133
192.168.62.1,200.200.200.5,132
192.168.0.50,192.168.62.1,837
192.168.0.50,192.168.1.254,979
192.168.0.50,192.168.10.50,766
192.168.0.50,192.168.10.50,454
192.168.0.50,192.168.0.50,85
192.168.0.50,192.168.1.210,803
192.168.0.50,192.168.30.1,953
192.168.0.50,192.168.1.1,127
192.168.0.50,10.1.1.1,29
192.168.0.50,192.168.11.1,957
192.168.0.50,192.168.16.1,936
192.168.0.50,192.168.168.168,176
192.168.0.50,10.1.10.1,578
192.168.0.50,192.168.11.1,261
192.168.0.50,192.168.1.200,115
192.168.0.50,192.168.0.254,622
192.168.0.50,192.168.0.1,909
192.168.0.50,10.90.90.90,357
192.168.0.50,192.168.251.1,243
192.168.0.50,192.168.0.50,260
192.168.0.50,192.168.0.50,138
192.168.0.50,192.168.1.100,865
192.168.0.50,192.168.50.1,277
192.168.0.50,192.168.30.1,144
192.168.0.50,10.1.1.1,221
192.168.0.50,10.10.1.1,174
192.168.0.50,192.168.62.1,76
192.168.0.50,192.168.1.1,586
192.168.0.50,192.168.2.1,586
192.168.0.50,192.168.55.1,938
192.168.0.50,192.168.30.1,742
192.168.0.50,10.1.1.1,258
192.168.0.50,192.168.50.1,217
192.168.0.50,192.168.1.1,448
192.168.0.50,192.168.0.254,112
192.168.0.50,192.168.2.254,848
192.168.0.50,192.168.10.10,749
192.168.0.50,192.168.0.3,707
192.168.0.50,192.168.1.100,133
192.168.0.50,192.168.0.10,181
192.168.0.50,192.168.102.1,191
192.168.0.50,192.168.0.254,102
192.168.0.50,10.0.0.2,732
192.168.0.50,10.10.1.1,454
192.168.0.50,192.168.30.1,124
192.168.0.50,192.168.15.1,553
192.168.0.50,192.168.1.100,401
192.168.0.50,192.168.223.100,291
192.168.0.50,192.168.0.227,725
192.168.0.50,192.168.8.1,710
192.168.0.50,200.200.200.5,40
192.168.0.101,192.168.62.1,414
192.168.0.101,192.168.1.254,282
192.168.0.101,192.168.10.50,988
192.168.0.101,192.168.10.50,30
192.168.0.101,192.168.0.50,343
192.168.0.101,192.168.1.210,306
192.168.0.101,192.168.30.1,258
192.168.0.101,192.168.1.1,429
192.168.0.101,10.1.1.1,501
192.168.0.101,192.168.11.1,202
192.168.0.101,192.168.16.1,202
192.168.0.101,192.168.168.168,43
192.168.0.101,10.1.10.1,986
192.168.0.101,192.168.11.1,999
192.168.0.101,192.168.1.200,820
192.168.0.101,192.168.0.254,505
192.168.0.101,192.168.0.1,678
192.168.0.101,10.90.90.90,181
192.168.0.101,192.168.251.1,251
192.168.0.101,192.168.0.50,84
192.168.0.101,192.168.0.50,317
192.168.0.101,192.168.1.100,442
192.168.0.101,192.168.50.1,73
192.168.0.101,192.168.30.1,929
192.168.0.101,10.1.1.1,523
192.168.0.101,10.10.1.1,737
192.168.0.101,192.168.62.1,520
192.168.0.101,192.168.1.1,239
192.168.0.101,192.168.2.1,946
192.168.0.101,192.168.55.1,432
192.168.0.101,192.168.30.1,265
192.168.0.101,10.1.1.1,964
192.168.0.101,192.168.50.1,548
192.168.0.101,192.168.1.1,720
192.168.0.101,192.168.0.254,573
192.168.0.101,192.168.2.254,837
192.168.0.101,192.168.10.10,647
192.168.0.101,192.168.0.3,621
192.168.0.101,192.168.1.100,112
192.168.0.101,192.168.0.10,745
192.168.0.101,192.168.102.1,280
192.168.0.101,192.168.0.254,211
192.168.0.101,10.0.0.2,727
192.168.0.101,10.10.1.1,264
192.168.0.101,192.168.30.1,488
192.168.0.101,192.168.15.1,349
192.168.0.101,192.168.1.100,247
192.168.0.101,192.168.223.100,184
192.168.0.101,192.168.0.227,1000
192.168.0.101,192.168.8.1,829
192.168.0.101,200.200.200.5,114
192.168.0.30,192.168.62.1,110
192.168.0.30,192.168.1.254,143
192.168.0.30,192.168.10.50,200
192.168.0.30,192.168.10.50,492
192.168.0.30,192.168.0.50,741
192.168.0.30,192.168.1.210,474
192.168.0.30,192.168.30.1,947
192.168.0.30,192.168.1.1,400
192.168.0.30,10.1.1.1,47
192.168.0.30,192.168.11.1,729
192.168.0.30,192.168.16.1,563
192.168.0.30,192.168.168.168,694
192.168.0.30,10.1.10.1,153
192.168.0.30,192.168.11.1,658
192.168.0.30,192.168.1.200,104
192.168.0.30,192.168.0.254,328
192.168.0.30,192.168.0.1,610
192.168.0.30,10.90.90.90,213
192.168.0.30,192.168.251.1,988
192.168.0.30,192.168.0.50,722
192.168.0.30,192.168.0.50,725
192.168.0.30,192.168.1.100,487
192.168.0.30,192.168.50.1,935
192.168.0.30,192.168.30.1,962
192.168.0.30,10.1.1.1,116
192.168.0.30,10.10.1.1,327
192.168.0.30,192.168.62.1,695
192.168.0.30,192.168.1.1,168
192.168.0.30,192.168.2.1,309
192.168.0.30,192.168.55.1,560
192.168.0.30,192.168.30.1,287
192.168.0.30,10.1.1.1,612
192.168.0.30,192.168.50.1,848
192.168.0.30,192.168.1.1,810
192.168.0.30,192.168.0.254,43
192.168.0.30,192.168.2.254,830
192.168.0.30,192.168.10.10,27
192.168.0.30,192.168.0.3,48
192.168.0.30,192.168.1.100,639
192.168.0.30,192.168.0.10,166
192.168.0.30,192.168.102.1,855
192.168.0.30,192.168.0.254,381
192.168.0.30,10.0.0.2,970
192.168.0.30,10.10.1.1,983
192.168.0.30,192.168.30.1,145
192.168.0.30,192.168.15.1,587
192.168.0.30,192.168.1.100,478
192.168.0.30,192.168.223.100,844
192.168.0.30,192.168.0.227,482
192.168.0.30,192.168.8.1,71
192.168.0.30,200.200.200.5,103
192.168.16.1,192.168.62.1,614
192.168.16.1,192.168.1.254,206
192.168.16.1,192.168.10.50,687
192.168.16.1,192.168.10.50,643
192.168.16.1,192.168.0.50,489
192.168.16.1,192.168.1.210,473
192.168.16.1,192.168.30.1,247
192.168.16.1,192.168.1.1,575
192.168.16.1,10.1.1.1,467
192.168.16.1,192.168.11.1,141
192.168.16.1,192.168.16.1,332
192.168.16.1,192.168.168.168,130
192.168.16.1,10.1.10.1,856
192.168.16.1,192.168.11.1,722
192.168.16.1,192.168.1.200,977
192.168.16.1,192.168.0.254,691
192.168.16.1,192.168.0.1,35
192.168.16.1,10.90.90.90,520
192.168.16.1,192.168.251.1,606
192.168.16.1,192.168.0.50,563
192.168.16.1,192.168.0.50,826
192.168.16.1,192.168.1.100,351
192.168.16.1,192.168.50.1,265
192.168.16.1,192.168.30.1,737
192.168.16.1,10.1.1.1,454
192.168.16.1,10.10.1.1,781
192.168.16.1,192.168.62.1,919
192.168.16.1,192.168.1.1,471
192.168.16.1,192.168.2.1,969
192.168.16.1,192.168.55.1,32
192.168.16.1,192.168.30.1,668
192.168.16.1,10.1.1.1,685
192.168.16.1,192.168.50.1,221
192.168.16.1,192.168.1.1,882
192.168.16.1,192.168.0.254,86
192.168.16.1,192.168.2.254,889
192.168.16.1,192.168.10.10,964
192.168.16.1,192.168.0.3,886
192.168.16.1,192.168.1.100,572
192.168.16.1,192.168.0.10,239
192.168.16.1,192.168.102.1,886
192.168.16.1,192.168.0.254,730
192.168.16.1,10.0.0.2,83
192.168.16.1,10.10.1.1,883
192.168.16.1,192.168.30.1,849
192.168.16.1,192.168.15.1,455
192.168.16.1,192.168.1.100,65
192.168.16.1,192.168.223.100,414
192.168.16.1,192.168.0.227,612
192.168.16.1,192.168.8.1,182
192.168.16.1,200.200.200.5,19
192.168.55.1,192.168.62.1,187
192.168.55.1,192.168.1.254,512
192.168.55.1,192.168.10.50,940
192.168.55.1,192.168.10.50,777
192.168.55.1,192.168.0.50,386
192.168.55.1,192.168.1.210,20
192.168.55.1,192.168.30.1,206
192.168.55.1,192.168.1.1,835
192.168.55.1,10.1.1.1,995
192.168.55.1,192.168.11.1,391
192.168.55.1,192.168.16.1,299
192.168.55.1,192.168.168.168,902
192.168.55.1,10.1.10.1,423
192.168.55.1,192.168.11.1,709
192.168.55.1,192.168.1.200,951
192.168.55.1,192.168.0.254,432
192.168.55.1,192.168.0.1,820
192.168.55.1,10.90.90.90,106
192.168.55.1,192.168.251.1,651
192.168.55.1,192.168.0.50,822
192.168.55.1,192.168.0.50,958
192.168.55.1,192.168.1.100,567
192.168.55.1,192.168.50.1,997
192.168.55.1,192.168.30.1,801
192.168.55.1,10.1.1.1,203
192.168.55.1,10.10.1.1,509
192.168.55.1,192.168.62.1,677
192.168.55.1,192.168.1.1,369
192.168.55.1,192.168.2.1,712
192.168.55.1,192.168.55.1,713
192.168.55.1,192.168.30.1,93
192.168.55.1,10.1.1.1,830
192.168.55.1,192.168.50.1,243
192.168.55.1,192.168.1.1,323
192.168.55.1,192.168.0.254,177
192.168.55.1,192.168.2.254,89
192.168.55.1,192.168.10.10,545
192.168.55.1,192.168.0.3,557
192.168.55.1,192.168.1.100,864
192.168.55.1,192.168.0.10,64
192.168.55.1,192.168.102.1,927
192.168.55.1,192.168.0.254,726
192.168.55.1,10.0.0.2,377
192.168.55.1,10.10.1.1,564
192.168.55.1,192.168.30.1,634
192.168.55.1,192.168.15.1,771
192.168.55.1,192.168.1.100,704
192.168.55.1,192.168.223.100,518
192.168.55.1,192.168.0.227,554
192.168.55.1,192.168.8.1,892
192.168.55.1,200.200.200.5,523
192.168.1.99,192.168.62.1,887
192.168.1.99,192.168.1.254,254
192.168.1.99,192.168.10.50,647
192.168.1.99,192.168.10.50,451
192.168.1.99,192.168.0.50,744
192.168.1.99,192.168.1.210,81
192.168.1.99,192.168.30.1,922
192.168.1.99,192.168.1.1,407
192.168.1.99,10.1.1.1,804
192.168.1.99,192.168.11.1,533
192.168.1.99,192.168.16.1,181
192.168.1.99,192.168.168.168,302
192.168.1.99,10.1.10.1,594
192.168.1.99,192.168.11.1,542
192.168.1.99,192.168.1.200,338
192.168.1.99,192.168.0.254,864
192.168.1.99,192.168.0.1,722
192.168.1.99,10.90.90.90,716
192.168.1.99,192.168.251.1,512
192.168.1.99,192.168.0.50,707
192.168.1.99,192.168.0.50,807
192.168.1.99,192.168.1.100,780
192.168.1.99,192.168.50.1,599
192.168.1.99,192.168.30.1,306
192.168.1.99,10.1.1.1,927
192.168.1.99,10.10.1.1,87
192.168.1.99,192.168.62.1,393
192.168.1.99,192.168.1.1,687
192.168.1.99,192.168.2.1,887
192.168.1.99,192.168.55.1,173
192.168.1.99,192.168.30.1,151
192.168.1.99,10.1.1.1,632
192.168.1.99,192.168.50.1,822
192.168.1.99,192.168.1.1,399
192.168.1.99,192.168.0.254,492
192.168.1.99,192.168.2.254,999
192.168.1.99,192.168.10.10,755
192.168.1.99,192.168.0.3,550
192.168.1.99,192.168.1.100,518
192.168.1.99,192.168.0.10,423
192.168.1.99,192.168.102.1,368
192.168.1.99,192.168.0.254,66
192.168.1.99,10.0.0.2,91
192.168.1.99,10.10.1.1,231
192.168.1.99,192.168.30.1,197
192.168.1.99,192.168.15.1,331
192.168.1.99,192.168.1.100,798
192.168.1.99,192.168.223.100,640
192.168.1.99,192.168.0.227,730
192.168.1.99,192.168.8.1,224
192.168.1.99,200.200.200.5,586
192.168.1.210,192.168.62.1,891
192.168.1.210,192.168.1.254,581
192.168.1.210,192.168.10.50,947
192.168.1.210,192.168.10.50,292
192.168.1.210,192.168.0.50,498
192.168.1.210,192.168.1.210,86
192.168.1.210,192.168.30.1,123
192.168.1.210,192.168.1.1,24
192.168.1.210,10.1.1.1,421
192.168.1.210,192.168.11.1,137
192.168.1.210,192.168.16.1,492
192.168.1.210,192.168.168.168,94
192.168.1.210,10.1.10.1,919
192.168.1.210,192.168.11.1,52
192.168.1.210,192.168.1.200,844
192.168.1.210,192.168.0.254,832
192.168.1.210,192.168.0.1,708
192.168.1.210,10.90.90.90,399
192.168.1.210,192.168.251.1,68
192.168.1.210,192.168.0.50,728
192.168.1.210,192.168.0.50,278
192.168.1.210,192.168.1.100,489
192.168.1.210,192.168.50.1,721
192.168.1.210,192.168.30.1,644
192.168.1.210,10.1.1.1,74
192.168.1.210,10.10.1.1,423
192.168.1.210,192.168.62.1,60
192.168.1.210,192.168.1.1,397
192.168.1.210,192.168.2.1,842
192.168.1.210,192.168.55.1,413
192.168.1.210,192.168.30.1,679
192.168.1.210,10.1.1.1,592
192.168.1.210,192.168.50.1,347
192.168.1.210,192.168.1.1,761
192.168.1.210,192.168.0.254,236
192.168.1.210,192.168.2.254,541
192.168.1.210,192.168.10.10,663
192.168.1.210,192.168.0.3,669
192.168.1.210,192.168.1.100,579
192.168.1.210,192.168.0.10,879
192.168.1.210,192.168.102.1,437
192.168.1.210,192.168.0.254,889
192.168.1.210,10.0.0.2,848
192.168.1.210,10.10.1.1,333
192.168.1.210,192.168.30.1,201
192.168.1.210,192.168.15.1,552
192.168.1.210,192.168.1.100,22
192.168.1.210,192.168.223.100,470
192.168.1.210,192.168.0.227,246
192.168.1.210,192.168.8.1,702
192.168.1.210,200.200.200.5,965
192.168.0.101,192.168.62.1,730
192.168.0.101,192.168.1.254,71
192.168.0.101,192.168.10.50,272
192.168.0.101,192.168.10.50,381
192.168.0.101,192.168.0.50,638
192.168.0.101,192.168.1.210,59
192.168.0.101,192.168.30.1,709
192.168.0.101,192.168.1.1,138
192.168.0.101,10.1.1.1,526
192.168.0.101,192.168.11.1,13
192.168.0.101,192.168.16.1,270
192.168.0.101,192.168.168.168,763
192.168.0.101,10.1.10.1,565
192.168.0.101,192.168.11.1,641
192.168.0.101,192.168.1.200,119
192.168.0.101,192.168.0.254,582
192.168.0.101,192.168.0.1,719
192.168.0.101,10.90.90.90,323
192.168.0.101,192.168.251.1,646
192.168.0.101,192.168.0.50,205
192.168.0.101,192.168.0.50,958
192.168.0.101,192.168.1.100,407
192.168.0.101,192.168.50.1,642
192.168.0.101,192.168.30.1,734
192.168.0.101,10.1.1.1,657
192.168.0.101,10.10.1.1,74
192.168.0.101,192.168.62.1,122
192.168.0.101,192.168.1.1,354
192.168.0.101,192.168.2.1,578
192.168.0.101,192.168.55.1,197
192.168.0.101,192.168.30.1,924
192.168.0.101,10.1.1.1,868
192.168.0.101,192.168.50.1,216
192.168.0.101,192.168.1.1,824
192.168.0.101,192.168.0.254,278
192.168.0.101,192.168.2.254,831
192.168.0.101,192.168.10.10,329
192.168.0.101,192.168.0.3,216
192.168.0.101,192.168.1.100,207
192.168.0.101,192.168.0.10,346
192.168.0.101,192.168.102.1,849
192.168.0.101,192.168.0.254,674
192.168.0.101,10.0.0.2,252
192.168.0.101,10.10.1.1,374
192.168.0.101,192.168.30.1,742
192.168.0.101,192.168.15.1,635
192.168.0.101,192.168.1.100,280
192.168.0.101,192.168.223.100,724
192.168.0.101,192.168.0.227,85
192.168.0.101,192.168.8.1,527
192.168.0.101,200.200.200.5,390
192.168.62.1,192.168.62.1,431
192.168.62.1,192.168.1.254,501
192.168.62.1,192.168.10.50,63
192.168.62.1,192.168.10.50,478
192.168.62.1,192.168.0.50,249
192.168.62.1,192.168.1.210,982
192.168.62.1,192.168.30.1,492
192.168.62.1,192.168.1.1,391
192.168.62.1,10.1.1.1,271
192.168.62.1,192.168.11.1,764
192.168.62.1,192.168.16.1,328
192.168.62.1,192.168.168.168,605
192.168.62.1,10.1.10.1,693
192.168.62.1,192.168.11.1,435
192.168.62.1,192.168.1.200,885
192.168.62.1,192.168.0.254,250
192.168.62.1,192.168.0.1,487
192.168.62.1,10.90.90.90,537
192.168.62.1,192.168.251.1,670
192.168.62.1,192.168.0.50,585
192.168.62.1,192.168.0.50,364
192.168.62.1,192.168.1.100,215
192.168.62.1,192.168.50.1,242
192.168.62.1,192.168.30.1,320
192.168.62.1,10.1.1.1,217
192.168.62.1,10.10.1.1,646
192.168.62.1,192.168.62.1,86
192.168.62.1,192.168.1.1,546
192.168.62.1,192.168.2.1,338
192.168.62.1,192.168.55.1,590
192.168.62.1,192.168.30.1,456
192.168.62.1,10.1.1.1,80
192.168.62.1,192.168.50.1,795
192.168.62.1,192.168.1.1,438
192.168.62.1,192.168.0.254,144
192.168.62.1,192.168.2.254,697
192.168.62.1,192.168.10.10,21
192.168.62.1,192.168.0.3,565
192.168.62.1,192.168.1.100,420
192.168.62.1,192.168.0.10,930
192.168.62.1,192.168.102.1,21
192.168.62.1,192.168.0.254,444
192.168.62.1,10.0.0.2,755
192.168.62.1,10.10.1.1,901
192.168.62.1,192.168.30.1,485
192.168.62.1,192.168.15.1,992
192.168.62.1,192.168.1.100,657
192.168.62.1,192.168.223.100,306
192.168.62.1,192.168.0.227,511
192.168.62.1,192.168.8.1,695
192.168.62.1,200.200.200.5,456
192.168.100.100,192.168.62.1,433
192.168.100.100,192.168.1.254,595
192.168.100.100,192.168.10.50,653
192.168.100.100,192.168.10.50,916
192.168.100.100,192.168.0.50,692
192.168.100.100,192.168.1.210,254
192.168.100.100,192.168.30.1,447
192.168.100.100,192.168.1.1,107
192.168.100.100,10.1.1.1,256
192.168.100.100,192.168.11.1,955
192.168.100.100,192.168.16.1,875
192.168.100.100,192.168.168.168,396
192.168.100.100,10.1.10.1,740
192.168.100.100,192.168.11.1,844
192.168.100.100,192.168.1.200,895
192.168.100.100,192.168.0.254,461
192.168.100.100,192.168.0.1,925
192.168.100.100,10.90.90.90,495
192.168.100.100,192.168.251.1,572
192.168.100.100,192.168.0.50,312
192.168.100.100,192.168.0.50,412
192.168.100.100,192.168.1.100,866
192.168.100.100,192.168.50.1,628
192.168.100.100,192.168.30.1,551
192.168.100.100,10.1.1.1,728
192.168.100.100,10.10.1.1,539
192.168.100.100,192.168.62.1,39
192.168.100.100,192.168.1.1,259
192.168.100.100,192.168.2.1,394
192.168.100.100,192.168.55.1,255
192.168.100.100,192.168.30.1,327
192.168.100.100,10.1.1.1,634
192.168.100.100,192.168.50.1,631
192.168.100.100,192.168.1.1,703
192.168.100.100,192.168.0.254,952
192.168.100.100,192.168.2.254,539
192.168.100.100,192.168.10.10,845
192.168.100.100,192.168.0.3,42
192.168.100.100,192.168.1.100,987
192.168.100.100,192.168.0.10,460
192.168.100.100,192.168.102.1,453
192.168.100.100,192.168.0.254,961
192.168.100.100,10.0.0.2,180
192.168.100.100,10.10.1.1,870
192.168.100.100,192.168.30.1,792
192.168.100.100,192.168.15.1,746
192.168.100.100,192.168.1.100,156
192.168.100.100,192.168.223.100,958
192.168.100.100,192.168.0.227,963
192.168.100.100,192.168.8.1,302
192.168.100.100,200.200.200.5,291
192.168.0.30,192.168.62.1,641
192.168.0.30,192.168.1.254,389
192.168.0.30,192.168.10.50,788
192.168.0.30,192.168.10.50,137
192.168.0.30,192.168.0.50,312
192.168.0.30,192.168.1.210,55
192.168.0.30,192.168.30.1,494
192.168.0.30,192.168.1.1,216
192.168.0.30,10.1.1.1,965
192.168.0.30,192.168.11.1,125
192.168.0.30,192.168.16.1,708
192.168.0.30,192.168.168.168,953
192.168.0.30,10.1.10.1,687
192.168.0.30,192.168.11.1,924
192.168.0.30,192.168.1.200,975
192.168.0.30,192.168.0.254,60
192.168.0.30,192.168.0.1,617
192.168.0.30,10.90.90.90,179
192.168.0.30,192.168.251.1,970
192.168.0.30,192.168.0.50,510
192.168.0.30,192.168.0.50,162
192.168.0.30,192.168.1.100,829
192.168.0.30,192.168.50.1,195
192.168.0.30,192.168.30.1,375
192.168.0.30,10.1.1.1,227
192.168.0.30,10.10.1.1,463
192.168.0.30,192.168.62.1,566
192.168.0.30,192.168.1.1,11
192.168.0.30,192.168.2.1,994
192.168.0.30,192.168.55.1,273
192.168.0.30,192.168.30.1,21
192.168.0.30,10.1.1.1,561
192.168.0.30,192.168.50.1,120
192.168.0.30,192.168.1.1,636
192.168.0.30,192.168.0.254,770
192.168.0.30,192.168.2.254,252
192.168.0.30,192.168.10.10,720
192.168.0.30,192.168.0.3,702
192.168.0.30,192.168.1.100,791
192.168.0.30,192.168.0.10,849
192.168.0.30,192.168.102.1,997
192.168.0.30,192.168.0.254,958
192.168.0.30,10.0.0.2,728
192.168.0.30,10.10.1.1,341
192.168.0.30,192.168.30.1,469
192.168.0.30,192.168.15.1,605
192.168.0.30,192.168.1.100,410
192.168.0.30,192.168.223.100,807
192.168.0.30,192.168.0.227,69
192.168.0.30,192.168.8.1,822
192.168.0.30,200.200.200.5,977
192.168.2.1,192.168.62.1,733
192.168.2.1,192.168.1.254,134
192.168.2.1,192.168.10.50,474
192.168.2.1,192.168.10.50,569
192.168.2.1,192.168.0.50,791
192.168.2.1,192.168.1.210,955
192.168.2.1,192.168.30.1,345
192.168.2.1,192.168.1.1,290
192.168.2.1,10.1.1.1,463
192.168.2.1,192.168.11.1,815
192.168.2.1,192.168.16.1,805
192.168.2.1,192.168.168.168,462
192.168.2.1,10.1.10.1,736
192.168.2.1,192.168.11.1,144
192.168.2.1,192.168.1.200,67
192.168.2.1,192.168.0.254,189
192.168.2.1,192.168.0.1,430
192.168.2.1,10.90.90.90,597
192.168.2.1,192.168.251.1,663
192.168.2.1,192.168.0.50,741
192.168.2.1,192.168.0.50,188
192.168.2.1,192.168.1.100,881
192.168.2.1,192.168.50.1,192
192.168.2.1,192.168.30.1,305
192.168.2.1,10.1.1.1,316
192.168.2.1,10.10.1.1,551
192.168.2.1,192.168.62.1,411
192.168.2.1,192.168.1.1,557
192.168.2.1,192.168.2.1,647
192.168.2.1,192.168.55.1,670
192.168.2.1,192.168.30.1,393
192.168.2.1,10.1.1.1,235
192.168.2.1,192.168.50.1,582
192.168.2.1,192.168.1.1,317
192.168.2.1,192.168.0.254,357
192.168.2.1,192.168.2.254,93
192.168.2.1,192.168.10.10,305
192.168.2.1,192.168.0.3,816
192.168.2.1,192.168.1.100,739
192.168.2.1,192.168.0.10,927
192.168.2.1,192.168.102.1,964
192.168.2.1,192.168.0.254,846
192.168.2.1,10.0.0.2,290
192.168.2.1,10.10.1.1,530
192.168.2.1,192.168.30.1,297
192.168.2.1,192.168.15.1,688
192.168.2.1,192.168.1.100,492
192.168.2.1,192.168.223.100,772
192.168.2.1,192.168.0.227,750
192.168.2.1,192.168.8.1,543
192.168.2.1,200.200.200.5,674
192.168.0.3,192.168.62.1,30
192.168.0.3,192.168.1.254,979
192.168.0.3,192.168.10.50,782
192.168.0.3,192.168.10.50,174
192.168.0.3,192.168.0.50,452
192.168.0.3,192.168.1.210,769
192.168.0.3,192.168.30.1,864
192.168.0.3,192.168.1.1,518
192.168.0.3,10.1.1.1,326
192.168.0.3,192.168.11.1,645
192.168.0.3,192.168.16.1,626
192.168.0.3,192.168.168.168,985
192.168.0.3,10.1.10.1,493
192.168.0.3,192.168.11.1,303
192.168.0.3,192.168.1.200,17
192.168.0.3,192.168.0.254,632
192.168.0.3,192.168.0.1,983
192.168.0.3,10.90.90.90,868
192.168.0.3,192.168.251.1,280
192.168.0.3,192.168.0.50,126
192.168.0.3,192.168.0.50,551
192.168.0.3,192.168.1.100,210
192.168.0.3,192.168.50.1,728
192.168.0.3,192.168.30.1,176
192.168.0.3,10.1.1.1,701
192.168.0.3,10.10.1.1,979
192.168.0.3,192.168.62.1,962
192.168.0.3,192.168.1.1,90
192.168.0.3,192.168.2.1,546
192.168.0.3,192.168.55.1,917
192.168.0.3,192.168.30.1,83
192.168.0.3,10.1.1.1,116
192.168.0.3,192.168.50.1,380
192.168.0.3,192.168.1.1,232
192.168.0.3,192.168.0.254,117
192.168.0.3,192.168.2.254,113
192.168.0.3,192.168.10.10,135
192.168.0.3,192.168.0.3,371
192.168.0.3,192.168.1.100,990
192.168.0.3,192.168.0.10,147
192.168.0.3,192.168.102.1,418
192.168.0.3,192.168.0.254,359
192.168.0.3,10.0.0.2,642
192.168.0.3,10.10.1.1,563
192.168.0.3,192.168.30.1,698
192.168.0.3,192.168.15.1,56
192.168.0.3,192.168.1.100,95
192.168.0.3,192.168.223.100,875
192.168.0.3,192.168.0.227,564
192.168.0.3,192.168.8.1,837
192.168.0.3,200.200.200.5,905
192.168.168.168,192.168.62.1,131
192.168.168.168,192.168.1.254,767
192.168.168.168,192.168.10.50,780
192.168.168.168,192.168.10.50,216
192.168.168.168,192.168.0.50,95
192.168.168.168,192.168.1.210,959
192.168.168.168,192.168.30.1,385
192.168.168.168,192.168.1.1,65
192.168.168.168,10.1.1.1,767
192.168.168.168,192.168.11.1,687
192.168.168.168,192.168.16.1,74
192.168.168.168,192.168.168.168,830
192.168.168.168,10.1.10.1,359
192.168.168.168,192.168.11.1,968
192.168.168.168,192.168.1.200,44
192.168.168.168,192.168.0.254,584
192.168.168.168,192.168.0.1,789
192.168.168.168,10.90.90.90,53
192.168.168.168,192.168.251.1,243
192.168.168.168,192.168.0.50,263
192.168.168.168,192.168.0.50,411
192.168.168.168,192.168.1.100,39
192.168.168.168,192.168.50.1,255
192.168.168.168,192.168.30.1,591
192.168.168.168,10.1.1.1,667
192.168.168.168,10.10.1.1,996
192.168.168.168,192.168.62.1,875
192.168.168.168,192.168.1.1,245
192.168.168.168,192.168.2.1,978
192.168.168.168,192.168.55.1,879
192.168.168.168,192.168.30.1,893
192.168.168.168,10.1.1.1,691
192.168.168.168,192.168.50.1,557
192.168.168.168,192.168.1.1,790
192.168.168.168,192.168.0.254,16
192.168.168.168,192.168.2.254,773
192.168.168.168,192.168.10.10,80
192.168.168.168,192.168.0.3,820
192.168.168.168,192.168.1.100,563
192.168.168.168,192.168.0.10,549
192.168.168.168,192.168.102.1,254
192.168.168.168,192.168.0.254,890
192.168.168.168,10.0.0.2,626
192.168.168.168,10.10.1.1,665
192.168.168.168,192.168.30.1,87
192.168.168.168,192.168.15.1,163
192.168.168.168,192.168.1.100,58
192.168.168.168,192.168.223.100,736
192.168.168.168,192.168.0.227,30
192.168.168.168,192.168.8.1,764
192.168.168.168,200.200.200.5,342
192.168.16.1,192.168.62.1,663
192.168.16.1,192.168.1.254,823
192.168.16.1,192.168.10.50,401
192.168.16.1,192.168.10.50,245
192.168.16.1,192.168.0.50,693
192.168.16.1,192.168.1.210,208
192.168.16.1,192.168.30.1,719
192.168.16.1,192.168.1.1,398
192.168.16.1,10.1.1.1,159
192.168.16.1,192.168.11.1,651
192.168.16.1,192.168.16.1,340
192.168.16.1,192.168.168.168,705
192.168.16.1,10.1.10.1,626
192.168.16.1,192.168.11.1,933
192.168.16.1,192.168.1.200,895
192.168.16.1,192.168.0.254,759
192.168.16.1,192.168.0.1,67
192.168.16.1,10.90.90.90,194
192.168.16.1,192.168.251.1,454
192.168.16.1,192.168.0.50,865
192.168.16.1,192.168.0.50,781
192.168.16.1,192.168.1.100,752
192.168.16.1,192.168.50.1,781
192.168.16.1,192.168.30.1,822
192.168.16.1,10.1.1.1,366
192.168.16.1,10.10.1.1,536
192.168.16.1,192.168.62.1,653
192.168.16.1,192.168.1.1,643
192.168.16.1,192.168.2.1,865
192.168.16.1,192.168.55.1,145
192.168.16.1,192.168.30.1,837
192.168.16.1,10.1.1.1,312
192.168.16.1,192.168.50.1,48
192.168.16.1,192.168.1.1,269
192.168.16.1,192.168.0.254,837
192.168.16.1,192.168.2.254,791
192.168.16.1,192.168.10.10,957
192.168.16.1,192.168.0.3,493
192.168.16.1,192.168.1.100,949
192.168.16.1,192.168.0.10,622
192.168.16.1,192.168.102.1,435
192.168.16.1,192.168.0.254,996
192.168.16.1,10.0.0.2,779
192.168.16.1,10.10.1.1,269
192.168.16.1,192.168.30.1,95
192.168.16.1,192.168.15.1,161
192.168.16.1,192.168.1.100,138
192.168.16.1,192.168.223.100,138
192.168.16.1,192.168.0.227,810
192.168.16.1,192.168.8.1,362
192.168.16.1,200.200.200.5,502
192.168.3.1,192.168.62.1,216
192.168.3.1,192.168.1.254,293
192.168.3.1,192.168.10.50,434
192.168.3.1,192.168.10.50,614
192.168.3.1,192.168.0.50,675
192.168.3.1,192.168.1.210,993
192.168.3.1,192.168.30.1,132
192.168.3.1,192.168.1.1,210
192.168.3.1,10.1.1.1,462
192.168.3.1,192.168.11.1,443
192.168.3.1,192.168.16.1,250
192.168.3.1,192.168.168.168,629
192.168.3.1,10.1.10.1,605
192.168.3.1,192.168.11.1,758
192.168.3.1,192.168.1.200,530
192.168.3.1,192.168.0.254,588
192.168.3.1,192.168.0.1,88
192.168.3.1,10.90.90.90,784
192.168.3.1,192.168.251.1,136
192.168.3.1,192.168.0.50,141
192.168.3.1,192.168.0.50,738
192.168.3.1,192.168.1.100,430
192.168.3.1,192.168.50.1,371
192.168.3.1,192.168.30.1,831
192.168.3.1,10.1.1.1,698
192.168.3.1,10.10.1.1,196
192.168.3.1,192.168.62.1,980
192.168.3.1,192.168.1.1,282
192.168.3.1,192.168.2.1,267
192.168.3.1,192.168.55.1,334
192.168.3.1,192.168.30.1,744
192.168.3.1,10.1.1.1,878
192.168.3.1,192.168.50.1,674
192.168.3.1,192.168.1.1,175
192.168.3.1,192.168.0.254,419
192.168.3.1,192.168.2.254,465
192.168.3.1,192.168.10.10,104
192.168.3.1,192.168.0.3,513
192.168.3.1,192.168.1.100,81
192.168.3.1,192.168.0.10,535
192.168.3.1,192.168.102.1,748
192.168.3.1,192.168.0.254,281
192.168.3.1,10.0.0.2,592
192.168.3.1,10.10.1.1,49
192.168.3.1,192.168.30.1,824
192.168.3.1,192.168.15.1,940
192.168.3.1,192.168.1.100,313
192.168.3.1,192.168.223.100,966
192.168.3.1,192.168.0.227,323
192.168.3.1,192.168.8.1,335
192.168.3.1,200.200.200.5,606
192.168.1.100,192.168.62.1,561
192.168.1.100,192.168.1.254,320
192.168.1.100,192.168.10.50,557
192.168.1.100,192.168.10.50,418
192.168.1.100,192.168.0.50,259
192.168.1.100,192.168.1.210,753
192.168.1.100,192.168.30.1,154
192.168.1.100,192.168.1.1,760
192.168.1.100,10.1.1.1,330
192.168.1.100,192.168.11.1,266
192.168.1.100,192.168.16.1,720
192.168.1.100,192.168.168.168,620
192.168.1.100,10.1.10.1,504
192.168.1.100,192.168.11.1,248
192.168.1.100,192.168.1.200,78
192.168.1.100,192.168.0.254,517
192.168.1.100,192.168.0.1,808
192.168.1.100,10.90.90.90,241
192.168.1.100,192.168.251.1,816
192.168.1.100,192.168.0.50,481
192.168.1.100,192.168.0.50,504
192.168.1.100,192.168.1.100,22
192.168.1.100,192.168.50.1,636
192.168.1.100,192.168.30.1,264
192.168.1.100,10.1.1.1,676
192.168.1.100,10.10.1.1,547
192.168.1.100,192.168.62.1,602
192.168.1.100,192.168.1.1,645
192.168.1.100,192.168.2.1,605
192.168.1.100,192.168.55.1,851
192.168.1.100,192.168.30.1,359
192.168.1.100,10.1.1.1,33
192.168.1.100,192.168.50.1,237
192.168.1.100,192.168.1.1,482
192.168.1.100,192.168.0.254,454
192.168.1.100,192.168.2.254,772
192.168.1.100,192.168.10.10,387
192.168.1.100,192.168.0.3,987
192.168.1.100,192.168.1.100,584
192.168.1.100,192.168.0.10,446
192.168.1.100,192.168.102.1,48
192.168.1.100,192.168.0.254,902
192.168.1.100,10.0.0.2,696
192.168.1.100,10.10.1.1,435
192.168.1.100,192.168.30.1,185
192.168.1.100,192.168.15.1,454
192.168.1.100,192.168.1.100,811
192.168.1.100,192.168.223.100,933
192.168.1.100,192.168.0.227,827
192.168.1.100,192.168.8.1,524
192.168.1.100,200.200.200.5,767
192.168.100.1,192.168.62.1,294
192.168.100.1,192.168.1.254,591
192.168.100.1,192.168.10.50,439
192.168.100.1,192.168.10.50,21
192.168.100.1,192.168.0.50,964
192.168.100.1,192.168.1.210,685
192.168.100.1,192.168.30.1,533
192.168.100.1,192.168.1.1,182
192.168.100.1,10.1.1.1,434
192.168.100.1,192.168.11.1,522
192.168.100.1,192.168.16.1,805
192.168.100.1,192.168.168.168,927
192.168.100.1,10.1.10.1,854
192.168.100.1,192.168.11.1,674
192.168.100.1,192.168.1.200,195
192.168.100.1,192.168.0.254,691
192.168.100.1,192.168.0.1,355
192.168.100.1,10.90.90.90,389
192.168.100.1,192.168.251.1,301
192.168.100.1,192.168.0.50,296
192.168.100.1,192.168.0.50,109
192.168.100.1,192.168.1.100,166
192.168.100.1,192.168.50.1,469
192.168.100.1,192.168.30.1,821
192.168.100.1,10.1.1.1,569
192.168.100.1,10.10.1.1,922
192.168.100.1,192.168.62.1,573
192.168.100.1,192.168.1.1,760
192.168.100.1,192.168.2.1,42
192.168.100.1,192.168.55.1,882
192.168.100.1,192.168.30.1,260
192.168.100.1,10.1.1.1,363
192.168.100.1,192.168.50.1,260
192.168.100.1,192.168.1.1,67
192.168.100.1,192.168.0.254,531
192.168.100.1,192.168.2.254,363
192.168.100.1,192.168.10.10,126
192.168.100.1,192.168.0.3,910
192.168.100.1,192.168.1.100,150
192.168.100.1,192.168.0.10,678
192.168.100.1,192.168.102.1,300
192.168.100.1,192.168.0.254,252
192.168.100.1,10.0.0.2,162
192.168.100.1,10.10.1.1,249
192.168.100.1,192.168.30.1,792
192.168.100.1,192.168.15.1,189
192.168.100.1,192.168.1.100,537
192.168.100.1,192.168.223.100,976
192.168.100.1,192.168.0.227,908
192.168.100.1,192.168.8.1,633
192.168.100.1,200.200.200.5,867
10.90.90.90,192.168.62.1,813
10.90.90.90,192.168.1.254,583
10.90.90.90,192.168.10.50,249
10.90.90.90,192.168.10.50,245
10.90.90.90,192.168.0.50,319
10.90.90.90,192.168.1.210,581
10.90.90.90,192.168.30.1,285
10.90.90.90,192.168.1.1,986
10.90.90.90,10.1.1.1,163
10.90.90.90,192.168.11.1,995
10.90.90.90,192.168.16.1,517
10.90.90.90,192.168.168.168,982
10.90.90.90,10.1.10.1,359
10.90.90.90,192.168.11.1,449
10.90.90.90,192.168.1.200,693
10.90.90.90,192.168.0.254,802
10.90.90.90,192.168.0.1,425
10.90.90.90,10.90.90.90,631
10.90.90.90,192.168.251.1,289
10.90.90.90,192.168.0.50,779
10.90.90.90,192.168.0.50,25
10.90.90.90,192.168.1.100,125
10.90.90.90,192.168.50.1,861
10.90.90.90,192.168.30.1,734
10.90.90.90,10.1.1.1,383
10.90.90.90,10.10.1.1,953
10.90.90.90,192.168.62.1,719
10.90.90.90,192.168.1.1,138
10.90.90.90,192.168.2.1,523
10.90.90.90,192.168.55.1,641
10.90.90.90,192.168.30.1,839
10.90.90.90,10.1.1.1,176
10.90.90.90,192.168.50.1,48
10.90.90.90,192.168.1.1,844
10.90.90.90,192.168.0.254,12
10.90.90.90,192.168.2.254,399
10.90.90.90,192.168.10.10,113
10.90.90.90,192.168.0.3,525
10.90.90.90,192.168.1.100,287
10.90.90.90,192.168.0.10,292
10.90.90.90,192.168.102.1,32
10.90.90.90,192.168.0.254,900
10.90.90.90,10.0.0.2,357
10.90.90.90,10.10.1.1,210
10.90.90.90,192.168.30.1,441
10.90.90.90,192.168.15.1,925
10.90.90.90,192.168.1.100,739
10.90.90.90,192.168.223.100,457
10.90.90.90,192.168.0.227,262
10.90.90.90,192.168.8.1,683
10.90.90.90,200.200.200.5,465
192.168.0.3,192.168.62.1,89
192.168.0.3,192.168.1.254,975
192.168.0.3,192.168.10.50,991
192.168.0.3,192.168.10.50,366
192.168.0.3,192.168.0.50,334
192.168.0.3,192.168.1.210,738
192.168.0.3,192.168.30.1,971
192.168.0.3,192.168.1.1,642
192.168.0.3,10.1.1.1,293
192.168.0.3,192.168.11.1,269
192.168.0.3,192.168.16.1,132
192.168.0.3,192.168.168.168,786
192.168.0.3,10.1.10.1,520
192.168.0.3,192.168.11.1,204
192.168.0.3,192.168.1.200,518
192.168.0.3,192.168.0.254,889
192.168.0.3,192.168.0.1,599
192.168.0.3,10.90.90.90,306
192.168.0.3,192.168.251.1,693
192.168.0.3,192.168.0.50,532
192.168.0.3,192.168.0.50,611
192.168.0.3,192.168.1.100,781
192.168.0.3,192.168.50.1,690
192.168.0.3,192.168.30.1,967
192.168.0.3,10.1.1.1,656
192.168.0.3,10.10.1.1,728
192.168.0.3,192.168.62.1,991
192.168.0.3,192.168.1.1,698
192.168.0.3,192.168.2.1,636
192.168.0.3,192.168.55.1,228
192.168.0.3,192.168.30.1,46
192.168.0.3,10.1.1.1,654
192.168.0.3,192.168.50.1,133
192.168.0.3,192.168.1.1,709
192.168.0.3,192.168.0.254,188
192.168.0.3,192.168.2.254,641
192.168.0.3,192.168.10.10,633
192.168.0.3,192.168.0.3,473
192.168.0.3,192.168.1.100,213
192.168.0.3,192.168.0.10,929
192.168.0.3,192.168.102.1,685
192.168.0.3,192.168.0.254,829
192.168.0.3,10.0.0.2,190
192.168.0.3,10.10.1.1,734
192.168.0.3,192.168.30.1,418
192.168.0.3,192.168.15.1,126
192.168.0.3,192.168.1.100,939
192.168.0.3,192.168.223.100,150
192.168.0.3,192.168.0.227,933
192.168.0.3,192.168.8.1,703
192.168.0.3,200.200.200.5,581
192.168.10.50,192.168.62.1,88
192.168.10.50,192.168.1.254,304
192.168.10.50,192.168.10.50,284
192.168.10.50,192.168.10.50,921
192.168.10.50,192.168.0.50,773
192.168.10.50,192.168.1.210,190
192.168.10.50,192.168.30.1,530
192.168.10.50,192.168.1.1,828
192.168.10.50,10.1.1.1,984
192.168.10.50,192.168.11.1,579
192.168.10.50,192.168.16.1,396
192.168.10.50,192.168.168.168,411
192.168.10.50,10.1.10.1,574
192.168.10.50,192.168.11.1,826
192.168.10.50,192.168.1.200,548
192.168.10.50,192.168.0.254,404
192.168.10.50,192.168.0.1,688
192.168.10.50,10.90.90.90,900
192.168.10.50,192.168.251.1,178
192.168.10.50,192.168.0.50,548
192.168.10.50,192.168.0.50,443
192.168.10.50,192.168.1.100,549
192.168.10.50,192.168.50.1,192
192.168.10.50,192.168.30.1,636
192.168.10.50,10.1.1.1,601
192.168.10.50,10.10.1.1,246
192.168.10.50,192.168.62.1,823
192.168.10.50,192.168.1.1,908
192.168.10.50,192.168.2.1,731
192.168.10.50,192.168.55.1,268
192.168.10.50,192.168.30.1,917
192.168.10.50,10.1.1.1,679
192.168.10.50,192.168.50.1,865
192.168.10.50,192.168.1.1,402
192.168.10.50,192.168.0.254,96
192.168.10.50,192.168.2.254,789
192.168.10.50,192.168.10.10,100
192.168.10.50,192.168.0.3,221
192.168.10.50,192.168.1.100,32
192.168.10.50,192.168.0.10,213
192.168.10.50,192.168.102.1,576
192.168.10.50,192.168.0.254,351
192.168.10.50,10.0.0.2,80
192.168.10.50,10.10.1.1,564
192.168.10.50,192.168.30.1,592
192.168.10.50,192.168.15.1,274
192.168.10.50,192.168.1.100,847
192.168.10.50,192.168.223.100,276
192.168.10.50,192.168.0.227,620
192.168.10.50,192.168.8.1,295
192.168.10.50,200.200.200.5,914
192.168.50.1,192.168.62.1,264
192.168.50.1,192.168.1.254,878
192.168.50.1,192.168.10.50,180
192.168.50.1,192.168.10.50,781
192.168.50.1,192.168.0.50,486
192.168.50.1,192.168.1.210,259
192.168.50.1,192.168.30.1,805
192.168.50.1,192.168.1.1,352
192.168.50.1,10.1.1.1,255
192.168.50.1,192.168.11.1,703
192.168.50.1,192.168.16.1,690
192.168.50.1,192.168.168.168,375
192.168.50.1,10.1.10.1,727
192.168.50.1,192.168.11.1,34
192.168.50.1,192.168.1.200,446
192.168.50.1,192.168.0.254,441
192.168.50.1,192.168.0.1,961
192.168.50.1,10.90.90.90,493
192.168.50.1,192.168.251.1,107
192.168.50.1,192.168.0.50,980
192.168.50.1,192.168.0.50,44
192.168.50.1,192.168.1.100,670
192.168.50.1,192.168.50.1,442
192.168.50.1,192.168.30.1,549
192.168.50.1,10.1.1.1,843
192.168.50.1,10.10.1.1,937
192.168.50.1,192.168.62.1,99
192.168.50.1,192.168.1.1,38
192.168.50.1,192.168.2.1,770
192.168.50.1,192.168.55.1,245
192.168.50.1,192.168.30.1,992
192.168.50.1,10.1.1.1,686
192.168.50.1,192.168.50.1,971
192.168.50.1,192.168.1.1,330
192.168.50.1,192.168.0.254,961
192.168.50.1,192.168.2.254,694
192.168.50.1,192.168.10.10,288
192.168.50.1,192.168.0.3,250
192.168.50.1,192.168.1.100,554
192.168.50.1,192.168.0.10,842
192.168.50.1,192.168.102.1,775
192.168.50.1,192.168.0.254,974
192.168.50.1,10.0.0.2,860
192.168.50.1,10.10.1.1,849
192.168.50.1,192.168.30.1,764
192.168.50.1,192.168.15.1,990
192.168.50.1,192.168.1.100,130
192.168.50.1,192.168.223.100,453
192.168.50.1,192.168.0.227,110
192.168.50.1,192.168.8.1,31
192.168.50.1,200.200.200.5,206
192.168.50.1,192.168.62.1,128
192.168.50.1,192.168.1.254,592
192.168.50.1,192.168.10.50,252
192.168.50.1,192.168.10.50,338
192.168.50.1,192.168.0.50,790
192.168.50.1,192.168.1.210,721
192.168.50.1,192.168.30.1,208
192.168.50.1,192.168.1.1,149
192.168.50.1,10.1.1.1,163
192.168.50.1,192.168.11.1,553
192.168.50.1,192.168.16.1,549
192.168.50.1,192.168.168.168,166
192.168.50.1,10.1.10.1,18
192.168.50.1,192.168.11.1,982
192.168.50.1,192.168.1.200,286
192.168.50.1,192.168.0.254,899
192.168.50.1,192.168.0.1,48
192.168.50.1,10.90.90.90,395
192.168.50.1,192.168.251.1,234
192.168.50.1,192.168.0.50,737
192.168.50.1,192.168.0.50,837
192.168.50.1,192.168.1.100,646
192.168.50.1,192.168.50.1,615
192.168.50.1,192.168.30.1,103
192.168.50.1,10.1.1.1,440
192.168.50.1,10.10.1.1,468
192.168.50.1,192.168.62.1,240
192.168.50.1,192.168.1.1,15
192.168.50.1,192.168.2.1,128
192.168.50.1,192.168.55.1,729
192.168.50.1,192.168.30.1,968
192.168.50.1,10.1.1.1,566
192.168.50.1,192.168.50.1,665
192.168.50.1,192.168.1.1,784
192.168.50.1,192.168.0.254,180
192.168.50.1,192.168.2.254,224
192.168.50.1,192.168.10.10,142
192.168.50.1,192.168.0.3,143
192.168.50.1,192.168.1.100,505
192.168.50.1,192.168.0.10,982
192.168.50.1,192.168.102.1,407
192.168.50.1,192.168.0.254,234
192.168.50.1,10.0.0.2,43
192.168.50.1,10.10.1.1,467
192.168.50.1,192.168.30.1,310
192.168.50.1,192.168.15.1,816
192.168.50.1,192.168.1.100,249
192.168.50.1,192.168.223.100,488
192.168.50.1,192.168.0.227,432
192.168.50.1,192.168.8.1,47
192.168.50.1,200.200.200.5,839
10.10.1.1,192.168.62.1,160
10.10.1.1,192.168.1.254,70
10.10.1.1,192.168.10.50,807
10.10.1.1,192.168.10.50,100
10.10.1.1,192.168.0.50,566
10.10.1.1,192.168.1.210,847
10.10.1.1,192.168.30.1,21
10.10.1.1,192.168.1.1,131
10.10.1.1,10.1.1.1,275
10.10.1.1,192.168.11.1,769
10.10.1.1,192.168.16.1,808
10.10.1.1,192.168.168.168,785
10.10.1.1,10.1.10.1,894
10.10.1.1,192.168.11.1,925
10.10.1.1,192.168.1.200,435
10.10.1.1,192.168.0.254,249
10.10.1.1,192.168.0.1,434
10.10.1.1,10.90.90.90,690
10.10.1.1,192.168.251.1,449
10.10.1.1,192.168.0.50,516
10.10.1.1,192.168.0.50,47
10.10.1.1,192.168.1.100,758
10.10.1.1,192.168.50.1,368
10.10.1.1,192.168.30.1,728
10.10.1.1,10.1.1.1,659
10.10.1.1,10.10.1.1,186
10.10.1.1,192.168.62.1,477
10.10.1.1,192.168.1.1,880
10.10.1.1,192.168.2.1,448
10.10.1.1,192.168.55.1,672
10.10.1.1,192.168.30.1,813
10.10.1.1,10.1.1.1,138
10.10.1.1,192.168.50.1,197
10.10.1.1,192.168.1.1,969
10.10.1.1,192.168.0.254,755
10.10.1.1,192.168.2.254,438
10.10.1.1,192.168.10.10,359
10.10.1.1,192.168.0.3,754
10.10.1.1,192.168.1.100,880
10.10.1.1,192.168.0.10,578
10.10.1.1,192.168.102.1,784
10.10.1.1,192.168.0.254,96
10.10.1.1,10.0.0.2,845
10.10.1.1,10.10.1.1,458
10.10.1.1,192.168.30.1,150
10.10.1.1,192.168.15.1,50
10.10.1.1,192.168.1.100,152
10.10.1.1,192.168.223.100,508
10.10.1.1,192.168.0.227,742
10.10.1.1,192.168.8.1,317
10.10.1.1,200.200.200.5,412
